PassengerId,Survived,Pclass,Sex,Age,SibSp,Parch,Fare,Cabin,Embarked
1,0,3,1,22.0,1,0,7.25,75.0,2.0
2,1,1,0,38.0,1,0,71.2833,81.0,0.0
3,1,3,0,26.0,0,0,7.925,75.0,2.0
4,1,1,0,35.0,1,0,53.1,55.0,2.0
5,0,3,1,35.0,0,0,8.05,75.0,2.0
6,0,3,1,29.69911764705882,0,0,8.4583,75.0,1.0
7,0,1,1,54.0,0,0,51.8625,129.0,2.0
8,0,3,1,2.0,3,1,21.075,75.0,2.0
9,1,3,0,27.0,0,2,11.1333,75.0,2.0
10,1,2,0,14.0,1,0,30.0708,75.0,0.0
11,1,3,0,4.0,1,1,16.7,145.0,2.0
12,1,1,0,58.0,0,0,26.55,49.0,2.0
13,0,3,1,20.0,0,0,8.05,75.0,2.0
14,0,3,1,39.0,1,5,31.275,75.0,2.0
15,0,3,0,14.0,0,0,7.8542,75.0,2.0
16,1,2,0,55.0,0,0,16.0,75.0,2.0
17,0,3,1,2.0,4,1,29.125,75.0,1.0
18,1,2,1,29.69911764705882,0,0,13.0,75.0,2.0
19,0,3,0,31.0,1,0,18.0,75.0,2.0
20,1,3,0,29.69911764705882,0,0,7.225,75.0,0.0
21,0,2,1,35.0,0,0,26.0,75.0,2.0
22,1,2,1,34.0,0,0,13.0,111.0,2.0
23,1,3,0,15.0,0,0,8.0292,75.0,1.0
24,1,1,1,28.0,0,0,35.5,13.0,2.0
25,0,3,0,8.0,3,1,21.075,75.0,2.0
26,1,3,0,38.0,1,5,31.3875,75.0,2.0
27,0,3,1,29.69911764705882,0,0,7.225,75.0,0.0
28,0,1,1,19.0,3,2,263.0,63.0,2.0
29,1,3,0,29.69911764705882,0,0,7.8792,75.0,1.0
30,0,3,1,29.69911764705882,0,0,7.8958,75.0,2.0
31,0,1,1,40.0,0,0,27.7208,75.0,0.0
32,1,1,0,29.69911764705882,1,0,146.5208,41.0,0.0
33,1,3,0,29.69911764705882,0,0,7.75,75.0,1.0
34,0,2,1,66.0,0,0,10.5,75.0,2.0
35,0,1,1,28.0,1,0,82.1708,75.0,0.0
36,0,1,1,42.0,1,0,52.0,75.0,2.0
37,1,3,1,29.69911764705882,0,0,7.2292,75.0,0.0
38,0,3,1,21.0,0,0,8.05,75.0,2.0
39,0,3,0,18.0,2,0,18.0,75.0,2.0
40,1,3,0,14.0,1,0,11.2417,75.0,0.0
41,0,3,0,40.0,1,0,9.475,75.0,2.0
42,0,2,0,27.0,1,0,21.0,75.0,2.0
43,0,3,1,29.69911764705882,0,0,7.8958,75.0,0.0
44,1,2,0,3.0,1,2,41.5792,75.0,0.0
45,1,3,0,19.0,0,0,7.8792,75.0,1.0
46,0,3,1,29.69911764705882,0,0,8.05,75.0,2.0
47,0,3,1,29.69911764705882,1,0,15.5,75.0,1.0
48,1,3,0,29.69911764705882,0,0,7.75,75.0,1.0
49,0,3,1,29.69911764705882,2,0,21.6792,75.0,0.0
50,0,3,0,18.0,1,0,17.8,75.0,2.0
51,0,3,1,7.0,4,1,39.6875,75.0,2.0
52,0,3,1,21.0,0,0,7.8,75.0,2.0
53,1,1,0,49.0,1,0,76.7292,101.0,0.0
54,1,2,0,29.0,1,0,26.0,75.0,2.0
55,0,1,1,65.0,0,1,61.9792,23.0,0.0
56,1,1,1,29.69911764705882,0,0,35.5,71.0,2.0
57,1,2,0,21.0,0,0,10.5,75.0,2.0
58,0,3,1,28.5,0,0,7.2292,75.0,0.0
59,1,2,0,5.0,1,2,27.75,75.0,2.0
60,0,3,1,11.0,5,2,46.9,75.0,2.0
61,0,3,1,22.0,0,0,7.2292,75.0,0.0
62,1,1,0,38.0,0,0,80.0,21.0,2.0
63,0,1,1,45.0,1,0,83.475,80.0,2.0
64,0,3,1,4.0,3,2,27.9,75.0,2.0
65,0,1,1,29.69911764705882,0,0,27.7208,75.0,0.0
66,1,3,1,29.69911764705882,1,1,15.2458,75.0,0.0
67,1,2,0,29.0,0,0,10.5,142.0,2.0
68,0,3,1,19.0,0,0,8.1583,75.0,2.0
69,1,3,0,17.0,4,2,7.925,75.0,2.0
70,0,3,1,26.0,2,0,8.6625,75.0,2.0
71,0,2,1,32.0,0,0,10.5,75.0,2.0
72,0,3,0,16.0,5,2,46.9,75.0,2.0
73,0,2,1,21.0,0,0,73.5,75.0,2.0
74,0,3,1,26.0,1,0,14.4542,75.0,0.0
75,1,3,1,32.0,0,0,56.4958,75.0,2.0
76,0,3,1,25.0,0,0,7.65,140.0,2.0
77,0,3,1,29.69911764705882,0,0,7.8958,75.0,2.0
78,0,3,1,29.69911764705882,0,0,8.05,75.0,2.0
79,1,2,1,0.83,0,2,29.0,75.0,2.0
80,1,3,0,30.0,0,0,12.475,75.0,2.0
81,0,3,1,22.0,0,0,9.0,75.0,2.0
82,1,3,1,29.0,0,0,9.5,75.0,2.0
83,1,3,0,29.69911764705882,0,0,7.7875,75.0,1.0
84,0,1,1,28.0,0,0,47.1,75.0,2.0
85,1,2,0,17.0,0,0,10.5,75.0,2.0
86,1,3,0,33.0,3,0,15.85,75.0,2.0
87,0,3,1,16.0,1,3,34.375,75.0,2.0
88,0,3,1,29.69911764705882,0,0,8.05,75.0,2.0
89,1,1,0,23.0,3,2,263.0,63.0,2.0
90,0,3,1,24.0,0,0,8.05,75.0,2.0
91,0,3,1,29.0,0,0,8.05,75.0,2.0
92,0,3,1,20.0,0,0,7.8542,75.0,2.0
93,0,1,1,46.0,1,0,61.175,122.0,2.0
94,0,3,1,26.0,1,2,20.575,75.0,2.0
95,0,3,1,59.0,0,0,7.25,75.0,2.0
96,0,3,1,29.69911764705882,0,0,8.05,75.0,2.0
97,0,1,1,71.0,0,0,34.6542,12.0,0.0
98,1,1,1,23.0,0,1,63.3583,91.0,0.0
99,1,2,0,34.0,0,1,23.0,75.0,2.0
100,0,2,1,34.0,1,0,26.0,75.0,2.0
101,0,3,0,28.0,0,0,7.8958,75.0,2.0
102,0,3,1,29.69911764705882,0,0,7.8958,75.0,2.0
103,0,1,1,21.0,0,1,77.2875,98.0,2.0
104,0,3,1,33.0,0,0,8.6542,75.0,2.0
105,0,3,1,37.0,2,0,7.925,75.0,2.0
106,0,3,1,28.0,0,0,7.8958,75.0,2.0
107,1,3,0,21.0,0,0,7.65,75.0,2.0
108,1,3,1,29.69911764705882,0,0,7.775,75.0,2.0
109,0,3,1,38.0,0,0,7.8958,75.0,2.0
110,1,3,0,29.69911764705882,1,0,24.15,75.0,1.0
111,0,1,1,47.0,0,0,52.0,52.0,2.0
112,0,3,0,14.5,1,0,14.4542,75.0,0.0
113,0,3,1,22.0,0,0,8.05,75.0,2.0
114,0,3,0,20.0,1,0,9.825,75.0,2.0
115,0,3,0,17.0,0,0,14.4583,75.0,0.0
116,0,3,1,21.0,0,0,7.925,75.0,2.0
117,0,3,1,70.5,0,0,7.75,75.0,1.0
118,0,2,1,29.0,1,0,21.0,75.0,2.0
119,0,1,1,24.0,0,1,247.5208,36.0,0.0
120,0,3,0,2.0,4,2,31.275,75.0,2.0
121,0,2,1,21.0,2,0,73.5,75.0,2.0
122,0,3,1,29.69911764705882,0,0,8.05,75.0,2.0
123,0,2,1,32.5,1,0,30.0708,75.0,0.0
124,1,2,0,32.5,0,0,13.0,116.0,2.0
125,0,1,1,54.0,0,1,77.2875,98.0,2.0
126,1,3,1,12.0,1,0,11.2417,75.0,0.0
127,0,3,1,29.69911764705882,0,0,7.75,75.0,1.0
128,1,3,1,24.0,0,0,7.1417,75.0,2.0
129,1,3,0,29.69911764705882,1,1,22.3583,138.0,0.0
130,0,3,1,45.0,0,0,6.975,75.0,2.0
131,0,3,1,33.0,0,0,7.8958,75.0,0.0
132,0,3,1,20.0,0,0,7.05,75.0,2.0
133,0,3,0,47.0,1,0,14.5,75.0,2.0
134,1,2,0,29.0,1,0,26.0,75.0,2.0
135,0,2,1,25.0,0,0,13.0,75.0,2.0
136,0,2,1,23.0,0,0,15.0458,75.0,0.0
137,1,1,0,19.0,0,2,26.2833,107.0,2.0
138,0,1,1,37.0,1,0,53.1,55.0,2.0
139,0,3,1,16.0,0,0,9.2167,75.0,2.0
140,0,1,1,24.0,0,0,79.2,45.0,0.0
141,0,3,0,29.69911764705882,0,2,15.2458,75.0,0.0
142,1,3,0,22.0,0,0,7.75,75.0,2.0
143,1,3,0,24.0,1,0,15.85,75.0,2.0
144,0,3,1,19.0,0,0,6.75,75.0,1.0
145,0,2,1,18.0,0,0,11.5,75.0,2.0
146,0,2,1,19.0,1,1,36.75,75.0,2.0
147,1,3,1,27.0,0,0,7.7958,75.0,2.0
148,0,3,0,9.0,2,2,34.375,75.0,2.0
149,0,2,1,36.5,0,2,26.0,141.0,2.0
150,0,2,1,42.0,0,0,13.0,75.0,2.0
151,0,2,1,51.0,0,0,12.525,75.0,2.0
152,1,1,0,22.0,1,0,66.6,61.0,2.0
153,0,3,1,55.5,0,0,8.05,75.0,2.0
154,0,3,1,40.5,0,2,14.5,75.0,2.0
155,0,3,1,29.69911764705882,0,0,7.3125,75.0,2.0
156,0,1,1,51.0,0,1,61.3792,75.0,0.0
157,1,3,0,16.0,0,0,7.7333,75.0,1.0
158,0,3,1,30.0,0,0,8.05,75.0,2.0
159,0,3,1,29.69911764705882,0,0,8.6625,75.0,2.0
160,0,3,1,29.69911764705882,8,2,69.55,75.0,2.0
161,0,3,1,44.0,0,1,16.1,75.0,2.0
162,1,2,0,40.0,0,0,15.75,75.0,2.0
163,0,3,1,26.0,0,0,7.775,75.0,2.0
164,0,3,1,17.0,0,0,8.6625,75.0,2.0
165,0,3,1,1.0,4,1,39.6875,75.0,2.0
166,1,3,1,9.0,0,2,20.525,75.0,2.0
167,1,1,0,29.69911764705882,0,1,55.0,123.0,2.0
168,0,3,0,45.0,1,4,27.9,75.0,2.0
169,0,1,1,29.69911764705882,0,0,25.925,75.0,2.0
170,0,3,1,28.0,0,0,56.4958,75.0,2.0
171,0,1,1,61.0,0,0,33.5,18.0,2.0
172,0,3,1,4.0,4,1,29.125,75.0,1.0
173,1,3,0,1.0,1,1,11.1333,75.0,2.0
174,0,3,1,21.0,0,0,7.925,75.0,2.0
175,0,1,1,56.0,0,0,30.6958,14.0,0.0
176,0,3,1,18.0,1,1,7.8542,75.0,2.0
177,0,3,1,29.69911764705882,3,1,25.4667,75.0,2.0
178,0,1,0,50.0,0,0,28.7125,69.0,0.0
179,0,2,1,30.0,0,0,13.0,75.0,2.0
180,0,3,1,36.0,0,0,0.0,75.0,2.0
181,0,3,0,29.69911764705882,8,2,69.55,75.0,2.0
182,0,2,1,29.69911764705882,0,0,15.05,75.0,0.0
183,0,3,1,9.0,4,2,31.3875,75.0,2.0
184,1,2,1,1.0,2,1,39.0,144.0,2.0
185,1,3,0,4.0,0,2,22.025,75.0,2.0
186,0,1,1,29.69911764705882,0,0,50.0,9.0,2.0
187,1,3,0,29.69911764705882,1,0,15.5,75.0,1.0
188,1,1,1,45.0,0,0,26.55,75.0,2.0
189,0,3,1,40.0,1,1,15.5,75.0,1.0
190,0,3,1,36.0,0,0,7.8958,75.0,2.0
191,1,2,0,32.0,0,0,13.0,75.0,2.0
192,0,2,1,19.0,0,0,13.0,75.0,2.0
193,1,3,0,19.0,1,0,7.8542,75.0,2.0
194,1,2,1,3.0,1,1,26.0,141.0,2.0
195,1,1,0,44.0,0,0,27.7208,28.0,0.0
196,1,1,0,58.0,0,0,146.5208,43.0,0.0
197,0,3,1,29.69911764705882,0,0,7.75,75.0,1.0
198,0,3,1,42.0,0,1,8.4042,75.0,2.0
199,1,3,0,29.69911764705882,0,0,7.75,75.0,1.0
200,0,2,0,24.0,0,0,13.0,75.0,2.0
201,0,3,1,28.0,0,0,9.5,75.0,2.0
202,0,3,1,29.69911764705882,8,2,69.55,75.0,2.0
203,0,3,1,34.0,0,0,6.4958,75.0,2.0
204,0,3,1,45.5,0,0,7.225,75.0,0.0
205,1,3,1,18.0,0,0,8.05,75.0,2.0
206,0,3,0,2.0,0,1,10.4625,145.0,2.0
207,0,3,1,32.0,1,0,15.85,75.0,2.0
208,1,3,1,26.0,0,0,18.7875,75.0,0.0
209,1,3,0,16.0,0,0,7.75,75.0,1.0
210,1,1,1,40.0,0,0,31.0,8.0,0.0
211,0,3,1,24.0,0,0,7.05,75.0,2.0
212,1,2,0,35.0,0,0,21.0,75.0,2.0
213,0,3,1,22.0,0,0,7.25,75.0,2.0
214,0,2,1,30.0,0,0,13.0,75.0,2.0
215,0,3,1,29.69911764705882,1,0,7.75,75.0,1.0
216,1,1,0,31.0,1,0,113.275,103.0,0.0
217,1,3,0,27.0,0,0,7.925,75.0,2.0
218,0,2,1,42.0,1,0,27.0,75.0,2.0
219,1,1,0,32.0,0,0,76.2917,93.0,0.0
220,0,2,1,30.0,0,0,10.5,75.0,2.0
221,1,3,1,16.0,0,0,8.05,75.0,2.0
222,0,2,1,27.0,0,0,13.0,75.0,2.0
223,0,3,1,51.0,0,0,8.05,75.0,2.0
224,0,3,1,29.69911764705882,0,0,7.8958,75.0,2.0
225,1,1,1,38.0,1,0,90.0,87.0,2.0
226,0,3,1,22.0,0,0,9.35,75.0,2.0
227,1,2,1,19.0,0,0,10.5,75.0,2.0
228,0,3,1,20.5,0,0,7.25,75.0,2.0
229,0,2,1,18.0,0,0,13.0,75.0,2.0
230,0,3,0,29.69911764705882,3,1,25.4667,75.0,2.0
231,1,1,0,35.0,1,0,83.475,80.0,2.0
232,0,3,1,29.0,0,0,7.775,75.0,2.0
233,0,2,1,59.0,0,0,13.5,75.0,2.0
234,1,3,0,5.0,4,2,31.3875,75.0,2.0
235,0,2,1,24.0,0,0,10.5,75.0,2.0
236,0,3,0,29.69911764705882,0,0,7.55,75.0,2.0
237,0,2,1,44.0,1,0,26.0,75.0,2.0
238,1,2,0,8.0,0,2,26.25,75.0,2.0
239,0,2,1,19.0,0,0,10.5,75.0,2.0
240,0,2,1,33.0,0,0,12.275,75.0,2.0
241,0,3,0,29.69911764705882,1,0,14.4542,75.0,0.0
242,1,3,0,29.69911764705882,1,0,15.5,75.0,1.0
243,0,2,1,29.0,0,0,10.5,75.0,2.0
244,0,3,1,22.0,0,0,7.125,75.0,2.0
245,0,3,1,30.0,0,0,7.225,75.0,0.0
246,0,1,1,44.0,2,0,90.0,78.0,1.0
247,0,3,0,25.0,0,0,7.775,75.0,2.0
248,1,2,0,24.0,0,2,14.5,75.0,2.0
249,1,1,1,37.0,1,1,52.5542,102.0,2.0
250,0,2,1,54.0,1,0,26.0,75.0,2.0
251,0,3,1,29.69911764705882,0,0,7.25,75.0,2.0
252,0,3,0,29.0,1,1,10.4625,145.0,2.0
253,0,1,1,62.0,0,0,26.55,83.0,2.0
254,0,3,1,30.0,1,0,16.1,75.0,2.0
255,0,3,0,41.0,0,2,20.2125,75.0,2.0
256,1,3,0,29.0,0,2,15.2458,75.0,0.0
257,1,1,0,29.69911764705882,0,0,79.2,75.0,0.0
258,1,1,0,30.0,0,0,86.5,40.0,2.0
259,1,1,0,35.0,0,0,512.3292,75.0,0.0
260,1,2,0,50.0,0,1,26.0,75.0,2.0
261,0,3,1,29.69911764705882,0,0,7.75,75.0,1.0
262,1,3,1,3.0,4,2,31.3875,75.0,2.0
263,0,1,1,52.0,1,1,79.65,134.0,2.0
264,0,1,1,40.0,0,0,0.0,46.0,2.0
265,0,3,0,29.69911764705882,0,0,7.75,75.0,1.0
266,0,2,1,36.0,0,0,10.5,75.0,2.0
267,0,3,1,16.0,4,1,39.6875,75.0,2.0
268,1,3,1,25.0,1,0,7.775,75.0,2.0
269,1,1,0,58.0,0,1,153.4625,57.0,2.0
270,1,1,0,35.0,0,0,135.6333,89.0,2.0
271,0,1,1,29.69911764705882,0,0,31.0,75.0,2.0
272,1,3,1,25.0,0,0,0.0,75.0,2.0
273,1,2,0,41.0,0,1,19.5,75.0,2.0
274,0,1,1,37.0,0,1,29.7,54.0,0.0
275,1,3,0,29.69911764705882,0,0,7.75,75.0,1.0
276,1,1,0,63.0,1,0,77.9583,113.0,2.0
277,0,3,0,45.0,0,0,7.75,75.0,2.0
278,0,2,1,29.69911764705882,0,0,0.0,75.0,2.0
279,0,3,1,7.0,4,1,29.125,75.0,1.0
280,1,3,0,35.0,1,1,20.25,75.0,2.0
281,0,3,1,65.0,0,0,7.75,75.0,1.0
282,0,3,1,28.0,0,0,7.8542,75.0,2.0
283,0,3,1,16.0,0,0,9.5,75.0,2.0
284,1,3,1,19.0,0,0,8.05,75.0,2.0
285,0,1,1,29.69911764705882,0,0,26.0,3.0,2.0
286,0,3,1,33.0,0,0,8.6625,75.0,0.0
287,1,3,1,30.0,0,0,9.5,75.0,2.0
288,0,3,1,22.0,0,0,7.8958,75.0,2.0
289,1,2,1,42.0,0,0,13.0,75.0,2.0
290,1,3,0,22.0,0,0,7.75,75.0,1.0
291,1,1,0,26.0,0,0,78.85,75.0,2.0
292,1,1,0,19.0,1,0,91.0792,31.0,0.0
293,0,2,1,36.0,0,0,12.875,90.0,0.0
294,0,3,0,24.0,0,0,8.85,75.0,2.0
295,0,3,1,24.0,0,0,7.8958,75.0,2.0
296,0,1,1,29.69911764705882,0,0,27.7208,75.0,0.0
297,0,3,1,23.5,0,0,7.2292,75.0,0.0
298,0,1,0,2.0,1,2,151.55,62.0,2.0
299,1,1,1,29.69911764705882,0,0,30.5,51.0,2.0
300,1,1,0,50.0,0,1,247.5208,36.0,0.0
301,1,3,0,29.69911764705882,0,0,7.75,75.0,1.0
302,1,3,1,29.69911764705882,2,0,23.25,75.0,1.0
303,0,3,1,19.0,0,0,0.0,75.0,2.0
304,1,2,0,29.69911764705882,0,0,12.35,116.0,1.0
305,0,3,1,29.69911764705882,0,0,8.05,75.0,2.0
306,1,1,1,0.92,1,2,151.55,62.0,2.0
307,1,1,0,29.69911764705882,0,0,110.8833,75.0,0.0
308,1,1,0,17.0,1,0,108.9,74.0,0.0
309,0,2,1,30.0,1,0,24.0,75.0,0.0
310,1,1,0,30.0,0,0,56.9292,125.0,0.0
311,1,1,0,24.0,0,0,83.1583,72.0,0.0
312,1,1,0,18.0,2,2,262.375,35.0,0.0
313,0,2,0,26.0,1,1,26.0,75.0,2.0
314,0,3,1,28.0,0,0,7.8958,75.0,2.0
315,0,2,1,43.0,1,1,26.25,75.0,2.0
316,1,3,0,26.0,0,0,7.8542,75.0,2.0
317,1,2,0,24.0,1,0,26.0,75.0,2.0
318,0,2,1,54.0,0,0,14.0,75.0,2.0
319,1,1,0,31.0,0,2,164.8667,76.0,2.0
320,1,1,0,40.0,1,1,134.5,124.0,0.0
321,0,3,1,22.0,0,0,7.25,75.0,2.0
322,0,3,1,27.0,0,0,7.8958,75.0,2.0
323,1,2,0,30.0,0,0,12.35,75.0,1.0
324,1,2,0,22.0,1,1,29.0,75.0,2.0
325,0,3,1,29.69911764705882,8,2,69.55,75.0,2.0
326,1,1,0,36.0,0,0,135.6333,65.0,0.0
327,0,3,1,61.0,0,0,6.2375,75.0,2.0
328,1,2,0,36.0,0,0,13.0,90.0,2.0
329,1,3,0,31.0,1,1,20.525,75.0,2.0
330,1,1,0,16.0,0,1,57.9792,17.0,0.0
331,1,3,0,29.69911764705882,2,0,23.25,75.0,1.0
332,0,1,1,45.5,0,0,28.5,56.0,2.0
333,0,1,1,38.0,0,1,153.4625,85.0,2.0
334,0,3,1,16.0,2,0,18.0,75.0,2.0
335,1,1,0,29.69911764705882,1,0,133.65,75.0,2.0
336,0,3,1,29.69911764705882,0,0,7.8958,75.0,2.0
337,0,1,1,29.0,1,0,66.6,61.0,2.0
338,1,1,0,41.0,0,0,134.5,127.0,0.0
339,1,3,1,45.0,0,0,8.05,75.0,2.0
340,0,1,1,45.0,0,0,35.5,146.0,2.0
341,1,2,1,2.0,1,1,26.0,141.0,2.0
342,1,1,0,24.0,3,2,263.0,63.0,2.0
343,0,2,1,28.0,0,0,13.0,75.0,2.0
344,0,2,1,25.0,0,0,13.0,75.0,2.0
345,0,2,1,36.0,0,0,13.0,75.0,2.0
346,1,2,0,24.0,0,0,13.0,142.0,2.0
347,1,2,0,40.0,0,0,13.0,75.0,2.0
348,1,3,0,29.69911764705882,1,0,16.1,75.0,2.0
349,1,3,1,3.0,1,1,15.9,75.0,2.0
350,0,3,1,42.0,0,0,8.6625,75.0,2.0
351,0,3,1,23.0,0,0,9.225,75.0,2.0
352,0,1,1,29.69911764705882,0,0,35.0,59.0,2.0
353,0,3,1,15.0,1,1,7.2292,75.0,0.0
354,0,3,1,25.0,1,0,17.8,75.0,2.0
355,0,3,1,29.69911764705882,0,0,7.225,75.0,0.0
356,0,3,1,28.0,0,0,9.5,75.0,2.0
357,1,1,0,22.0,0,1,55.0,123.0,2.0
358,0,2,0,38.0,0,0,13.0,75.0,2.0
359,1,3,0,29.69911764705882,0,0,7.8792,75.0,1.0
360,1,3,0,29.69911764705882,0,0,7.8792,75.0,1.0
361,0,3,1,40.0,1,4,27.9,75.0,2.0
362,0,2,1,29.0,1,0,27.7208,75.0,0.0
363,0,3,0,45.0,0,1,14.4542,75.0,0.0
364,0,3,1,35.0,0,0,7.05,75.0,2.0
365,0,3,1,29.69911764705882,1,0,15.5,75.0,1.0
366,0,3,1,30.0,0,0,7.25,75.0,2.0
367,1,1,0,60.0,1,0,75.25,104.0,0.0
368,1,3,0,29.69911764705882,0,0,7.2292,75.0,0.0
369,1,3,0,29.69911764705882,0,0,7.75,75.0,1.0
370,1,1,0,24.0,0,0,69.3,24.0,0.0
371,1,1,1,25.0,1,0,55.4417,131.0,0.0
372,0,3,1,18.0,1,0,6.4958,75.0,2.0
373,0,3,1,19.0,0,0,8.05,75.0,2.0
374,0,1,1,22.0,0,0,135.6333,75.0,0.0
375,0,3,0,3.0,3,1,21.075,75.0,2.0
376,1,1,0,29.69911764705882,1,0,82.1708,75.0,0.0
377,1,3,0,22.0,0,0,7.25,75.0,2.0
378,0,1,1,27.0,0,2,211.5,79.0,0.0
379,0,3,1,20.0,0,0,4.0125,75.0,0.0
380,0,3,1,19.0,0,0,7.775,75.0,2.0
381,1,1,0,42.0,0,0,227.525,75.0,0.0
382,1,3,0,1.0,0,2,15.7417,75.0,0.0
383,0,3,1,32.0,0,0,7.925,75.0,2.0
384,1,1,0,35.0,1,0,52.0,75.0,2.0
385,0,3,1,29.69911764705882,0,0,7.8958,75.0,2.0
386,0,2,1,18.0,0,0,73.5,75.0,2.0
387,0,3,1,1.0,5,2,46.9,75.0,2.0
388,1,2,0,36.0,0,0,13.0,75.0,2.0
389,0,3,1,29.69911764705882,0,0,7.7292,75.0,1.0
390,1,2,0,17.0,0,0,12.0,75.0,0.0
391,1,1,1,36.0,1,2,120.0,47.0,2.0
392,1,3,1,21.0,0,0,7.7958,75.0,2.0
393,0,3,1,28.0,2,0,7.925,75.0,2.0
394,1,1,0,23.0,1,0,113.275,103.0,0.0
395,1,3,0,24.0,0,2,16.7,145.0,2.0
396,0,3,1,22.0,0,0,7.7958,75.0,2.0
397,0,3,0,31.0,0,0,7.8542,75.0,2.0
398,0,2,1,46.0,0,0,26.0,75.0,2.0
399,0,2,1,23.0,0,0,10.5,75.0,2.0
400,1,2,0,28.0,0,0,12.65,75.0,2.0
401,1,3,1,39.0,0,0,7.925,75.0,2.0
402,0,3,1,26.0,0,0,8.05,75.0,2.0
403,0,3,0,21.0,1,0,9.825,75.0,2.0
404,0,3,1,28.0,1,0,15.85,75.0,2.0
405,0,3,0,20.0,0,0,8.6625,75.0,2.0
406,0,2,1,34.0,1,0,21.0,75.0,2.0
407,0,3,1,51.0,0,0,7.75,75.0,2.0
408,1,2,1,3.0,1,1,18.75,75.0,2.0
409,0,3,1,21.0,0,0,7.775,75.0,2.0
410,0,3,0,29.69911764705882,3,1,25.4667,75.0,2.0
411,0,3,1,29.69911764705882,0,0,7.8958,75.0,2.0
412,0,3,1,29.69911764705882,0,0,6.8583,75.0,1.0
413,1,1,0,33.0,1,0,90.0,78.0,1.0
414,0,2,1,29.69911764705882,0,0,0.0,75.0,2.0
415,1,3,1,44.0,0,0,7.925,75.0,2.0
416,0,3,0,29.69911764705882,0,0,8.05,75.0,2.0
417,1,2,0,34.0,1,1,32.5,75.0,2.0
418,1,2,0,18.0,0,2,13.0,75.0,2.0
419,0,2,1,30.0,0,0,13.0,75.0,2.0
420,0,3,0,10.0,0,2,24.15,75.0,2.0
421,0,3,1,29.69911764705882,0,0,7.8958,75.0,0.0
422,0,3,1,21.0,0,0,7.7333,75.0,1.0
423,0,3,1,29.0,0,0,7.875,75.0,2.0
424,0,3,0,28.0,1,1,14.4,75.0,2.0
425,0,3,1,18.0,1,1,20.2125,75.0,2.0
426,0,3,1,29.69911764705882,0,0,7.25,75.0,2.0
427,1,2,0,28.0,1,0,26.0,75.0,2.0
428,1,2,0,19.0,0,0,26.0,75.0,2.0
429,0,3,1,29.69911764705882,0,0,7.75,75.0,1.0
430,1,3,1,32.0,0,0,8.05,115.0,2.0
431,1,1,1,28.0,0,0,26.55,71.0,2.0
432,1,3,0,29.69911764705882,1,0,16.1,75.0,2.0
433,1,2,0,42.0,1,0,26.0,75.0,2.0
434,0,3,1,17.0,0,0,7.125,75.0,2.0
435,0,1,1,50.0,1,0,55.9,128.0,2.0
436,1,1,0,14.0,1,2,120.0,47.0,2.0
437,0,3,0,21.0,2,2,34.375,75.0,2.0
438,1,2,0,24.0,2,3,18.75,75.0,2.0
439,0,1,1,64.0,1,4,263.0,63.0,2.0
440,0,2,1,31.0,0,0,10.5,75.0,2.0
441,1,2,0,45.0,1,1,26.25,75.0,2.0
442,0,3,1,20.0,0,0,9.5,75.0,2.0
443,0,3,1,25.0,1,0,7.775,75.0,2.0
444,1,2,0,28.0,0,0,13.0,75.0,2.0
445,1,3,1,29.69911764705882,0,0,8.1125,75.0,2.0
446,1,1,1,4.0,0,2,81.8583,10.0,2.0
447,1,2,0,13.0,0,1,19.5,75.0,2.0
448,1,1,1,34.0,0,0,26.55,75.0,2.0
449,1,3,0,5.0,2,1,19.2583,75.0,0.0
450,1,1,1,52.0,0,0,30.5,50.0,2.0
451,0,2,1,36.0,1,2,27.75,75.0,2.0
452,0,3,1,29.69911764705882,1,0,19.9667,75.0,2.0
453,0,1,1,30.0,0,0,27.75,53.0,0.0
454,1,1,1,49.0,1,0,89.1042,86.0,0.0
455,0,3,1,29.69911764705882,0,0,8.05,75.0,2.0
456,1,3,1,29.0,0,0,7.8958,75.0,0.0
457,0,1,1,65.0,0,0,26.55,126.0,2.0
458,1,1,0,29.69911764705882,1,0,51.8625,97.0,2.0
459,1,2,0,50.0,0,0,10.5,75.0,2.0
460,0,3,1,29.69911764705882,0,0,7.75,75.0,1.0
461,1,1,1,48.0,0,0,26.55,117.0,2.0
462,0,3,1,34.0,0,0,8.05,75.0,2.0
463,0,1,1,47.0,0,0,38.5,133.0,2.0
464,0,2,1,48.0,0,0,13.0,75.0,2.0
465,0,3,1,29.69911764705882,0,0,8.05,75.0,2.0
466,0,3,1,38.0,0,0,7.05,75.0,2.0
467,0,2,1,29.69911764705882,0,0,0.0,75.0,2.0
468,0,1,1,56.0,0,0,26.55,75.0,2.0
469,0,3,1,29.69911764705882,0,0,7.725,75.0,1.0
470,1,3,0,0.75,2,1,19.2583,75.0,0.0
471,0,3,1,29.69911764705882,0,0,7.25,75.0,2.0
472,0,3,1,38.0,0,0,8.6625,75.0,2.0
473,1,2,0,33.0,1,2,27.75,75.0,2.0
474,1,2,0,23.0,0,0,13.7917,90.0,0.0
475,0,3,0,22.0,0,0,9.8375,75.0,2.0
476,0,1,1,29.69911764705882,0,0,52.0,1.0,2.0
477,0,2,1,34.0,1,0,21.0,75.0,2.0
478,0,3,1,29.0,1,0,7.0458,75.0,2.0
479,0,3,1,22.0,0,0,7.5208,75.0,2.0
480,1,3,0,2.0,0,1,12.2875,75.0,2.0
481,0,3,1,9.0,5,2,46.9,75.0,2.0
482,0,2,1,29.69911764705882,0,0,0.0,75.0,2.0
483,0,3,1,50.0,0,0,8.05,75.0,2.0
484,1,3,0,63.0,0,0,9.5875,75.0,2.0
485,1,1,1,25.0,1,0,91.0792,31.0,0.0
486,0,3,0,29.69911764705882,3,1,25.4667,75.0,2.0
487,1,1,0,35.0,1,0,90.0,87.0,2.0
488,0,1,1,58.0,0,0,29.7,25.0,0.0
489,0,3,1,30.0,0,0,8.05,75.0,2.0
490,1,3,1,9.0,1,1,15.9,75.0,2.0
491,0,3,1,29.69911764705882,1,0,19.9667,75.0,2.0
492,0,3,1,21.0,0,0,7.25,75.0,2.0
493,0,1,1,55.0,0,0,30.5,64.0,2.0
494,0,1,1,71.0,0,0,49.5042,75.0,0.0
495,0,3,1,21.0,0,0,8.05,75.0,2.0
496,0,3,1,29.69911764705882,0,0,14.4583,75.0,0.0
497,1,1,0,54.0,1,0,78.2667,96.0,0.0
498,0,3,1,29.69911764705882,0,0,15.1,75.0,2.0
499,0,1,0,25.0,1,2,151.55,62.0,2.0
500,0,3,1,24.0,0,0,7.7958,75.0,2.0
501,0,3,1,17.0,0,0,8.6625,75.0,2.0
502,0,3,0,21.0,0,0,7.75,75.0,1.0
503,0,3,0,29.69911764705882,0,0,7.6292,75.0,1.0
504,0,3,0,37.0,0,0,9.5875,75.0,2.0
505,1,1,0,16.0,0,0,86.5,42.0,2.0
506,0,1,1,18.0,1,0,108.9,74.0,0.0
507,1,2,0,33.0,0,2,26.0,75.0,2.0
508,1,1,1,29.69911764705882,0,0,26.55,75.0,2.0
509,0,3,1,28.0,0,0,22.525,75.0,2.0
510,1,3,1,26.0,0,0,56.4958,75.0,2.0
511,1,3,1,29.0,0,0,7.75,75.0,1.0
512,0,3,1,29.69911764705882,0,0,8.05,75.0,2.0
513,1,1,1,36.0,0,0,26.2875,121.0,2.0
514,1,1,0,54.0,1,0,59.4,75.0,0.0
515,0,3,1,24.0,0,0,7.4958,75.0,2.0
516,0,1,1,47.0,0,0,34.0208,106.0,2.0
517,1,2,0,34.0,0,0,10.5,142.0,2.0
518,0,3,1,29.69911764705882,0,0,24.15,75.0,1.0
519,1,2,0,36.0,1,0,26.0,75.0,2.0
520,0,3,1,32.0,0,0,7.8958,75.0,2.0
521,1,1,0,30.0,0,0,93.5,39.0,2.0
522,0,3,1,22.0,0,0,7.8958,75.0,2.0
523,0,3,1,29.69911764705882,0,0,7.225,75.0,0.0
524,1,1,0,44.0,0,1,57.9792,17.0,0.0
525,0,3,1,29.69911764705882,0,0,7.2292,75.0,0.0
526,0,3,1,40.5,0,0,7.75,75.0,1.0
527,1,2,0,50.0,0,0,10.5,75.0,2.0
528,0,1,1,29.69911764705882,0,0,221.7792,88.0,2.0
529,0,3,1,39.0,0,0,7.925,75.0,2.0
530,0,2,1,23.0,2,1,11.5,75.0,2.0
531,1,2,0,2.0,1,1,26.0,75.0,2.0
532,0,3,1,29.69911764705882,0,0,7.2292,75.0,0.0
533,0,3,1,17.0,1,1,7.2292,75.0,0.0
534,1,3,0,29.69911764705882,0,2,22.3583,75.0,0.0
535,0,3,0,30.0,0,0,8.6625,75.0,2.0
536,1,2,0,7.0,0,2,26.25,75.0,2.0
537,0,1,1,45.0,0,0,26.55,26.0,2.0
538,1,1,0,30.0,0,0,106.425,75.0,0.0
539,0,3,1,29.69911764705882,0,0,14.5,75.0,2.0
540,1,1,0,22.0,0,2,49.5,27.0,0.0
541,1,1,0,36.0,0,2,71.0,20.0,2.0
542,0,3,0,9.0,4,2,31.275,75.0,2.0
543,0,3,0,11.0,4,2,31.275,75.0,2.0
544,1,2,1,32.0,1,0,26.0,75.0,2.0
545,0,1,1,50.0,1,0,106.425,82.0,0.0
546,0,1,1,64.0,0,0,26.0,75.0,2.0
547,1,2,0,19.0,1,0,26.0,75.0,2.0
548,1,2,1,29.69911764705882,0,0,13.8625,75.0,0.0
549,0,3,1,33.0,1,1,20.525,75.0,2.0
550,1,2,1,8.0,1,1,36.75,75.0,2.0
551,1,1,1,17.0,0,2,110.8833,77.0,0.0
552,0,2,1,27.0,0,0,26.0,75.0,2.0
553,0,3,1,29.69911764705882,0,0,7.8292,75.0,1.0
554,1,3,1,22.0,0,0,7.225,75.0,0.0
555,1,3,0,22.0,0,0,7.775,75.0,2.0
556,0,1,1,62.0,0,0,26.55,75.0,2.0
557,1,1,0,48.0,1,0,39.6,2.0,0.0
558,0,1,1,29.69911764705882,0,0,227.525,75.0,0.0
559,1,1,0,39.0,1,1,79.65,134.0,2.0
560,1,3,0,36.0,1,0,17.4,75.0,2.0
561,0,3,1,29.69911764705882,0,0,7.75,75.0,1.0
562,0,3,1,40.0,0,0,7.8958,75.0,2.0
563,0,2,1,28.0,0,0,13.5,75.0,2.0
564,0,3,1,29.69911764705882,0,0,8.05,75.0,2.0
565,0,3,0,29.69911764705882,0,0,8.05,75.0,2.0
566,0,3,1,24.0,2,0,24.15,75.0,2.0
567,0,3,1,19.0,0,0,7.8958,75.0,2.0
568,0,3,0,29.0,0,4,21.075,75.0,2.0
569,0,3,1,29.69911764705882,0,0,7.2292,75.0,0.0
570,1,3,1,32.0,0,0,7.8542,75.0,2.0
571,1,2,1,62.0,0,0,10.5,75.0,2.0
572,1,1,0,53.0,2,0,51.4792,48.0,2.0
573,1,1,1,36.0,0,0,26.3875,121.0,2.0
574,1,3,0,29.69911764705882,0,0,7.75,75.0,1.0
575,0,3,1,16.0,0,0,8.05,75.0,2.0
576,0,3,1,19.0,0,0,14.5,75.0,2.0
577,1,2,0,34.0,0,0,13.0,75.0,2.0
578,1,1,0,39.0,1,0,55.9,128.0,2.0
579,0,3,0,29.69911764705882,1,0,14.4583,75.0,0.0
580,1,3,1,32.0,0,0,7.925,75.0,2.0
581,1,2,0,25.0,1,1,30.0,75.0,2.0
582,1,1,0,39.0,1,1,110.8833,75.0,0.0
583,0,2,1,54.0,0,0,26.0,75.0,2.0
584,0,1,1,36.0,0,0,40.125,0.0,0.0
585,0,3,1,29.69911764705882,0,0,8.7125,75.0,0.0
586,1,1,0,18.0,0,2,79.65,135.0,2.0
587,0,2,1,47.0,0,0,15.0,75.0,2.0
588,1,1,1,60.0,1,1,79.2,29.0,0.0
589,0,3,1,22.0,0,0,8.05,75.0,2.0
590,0,3,1,29.69911764705882,0,0,8.05,75.0,2.0
591,0,3,1,35.0,0,0,7.125,75.0,2.0
592,1,1,0,52.0,1,0,78.2667,96.0,0.0
593,0,3,1,47.0,0,0,7.25,75.0,2.0
594,0,3,0,29.69911764705882,0,2,7.75,75.0,1.0
595,0,2,1,37.0,1,0,26.0,75.0,2.0
596,0,3,1,36.0,1,1,24.15,75.0,2.0
597,1,2,0,29.69911764705882,0,0,33.0,75.0,2.0
598,0,3,1,49.0,0,0,0.0,75.0,2.0
599,0,3,1,29.69911764705882,0,0,7.225,75.0,0.0
600,1,1,1,49.0,1,0,56.9292,4.0,0.0
601,1,2,0,24.0,2,1,27.0,75.0,2.0
602,0,3,1,29.69911764705882,0,0,7.8958,75.0,2.0
603,0,1,1,29.69911764705882,0,0,42.4,75.0,2.0
604,0,3,1,44.0,0,0,8.05,75.0,2.0
605,1,1,1,35.0,0,0,26.55,75.0,0.0
606,0,3,1,36.0,1,0,15.55,75.0,2.0
607,0,3,1,30.0,0,0,7.8958,75.0,2.0
608,1,1,1,27.0,0,0,30.5,75.0,2.0
609,1,2,0,22.0,1,2,41.5792,75.0,0.0
610,1,1,0,40.0,0,0,153.4625,57.0,2.0
611,0,3,0,39.0,1,5,31.275,75.0,2.0
612,0,3,1,29.69911764705882,0,0,7.05,75.0,2.0
613,1,3,0,29.69911764705882,1,0,15.5,75.0,1.0
614,0,3,1,29.69911764705882,0,0,7.75,75.0,1.0
615,0,3,1,35.0,0,0,8.05,75.0,2.0
616,1,2,0,24.0,1,2,65.0,75.0,2.0
617,0,3,1,34.0,1,1,14.4,75.0,2.0
618,0,3,0,26.0,1,0,16.1,75.0,2.0
619,1,2,0,4.0,2,1,39.0,144.0,2.0
620,0,2,1,26.0,0,0,10.5,75.0,2.0
621,0,3,1,27.0,1,0,14.4542,75.0,0.0
622,1,1,1,42.0,1,0,52.5542,95.0,2.0
623,1,3,1,20.0,1,1,15.7417,75.0,0.0
624,0,3,1,21.0,0,0,7.8542,75.0,2.0
625,0,3,1,21.0,0,0,16.1,75.0,2.0
626,0,1,1,61.0,0,0,32.3208,110.0,2.0
627,0,2,1,57.0,0,0,12.35,75.0,1.0
628,1,1,0,21.0,0,0,77.9583,114.0,2.0
629,0,3,1,26.0,0,0,7.8958,75.0,2.0
630,0,3,1,29.69911764705882,0,0,7.7333,75.0,1.0
631,1,1,1,80.0,0,0,30.0,5.0,2.0
632,0,3,1,51.0,0,0,7.0542,75.0,2.0
633,1,1,1,32.0,0,0,30.5,33.0,0.0
634,0,1,1,29.69911764705882,0,0,0.0,75.0,2.0
635,0,3,0,9.0,3,2,27.9,75.0,2.0
636,1,2,0,28.0,0,0,13.0,75.0,2.0
637,0,3,1,32.0,0,0,7.925,75.0,2.0
638,0,2,1,31.0,1,1,26.25,75.0,2.0
639,0,3,0,41.0,0,5,39.6875,75.0,2.0
640,0,3,1,29.69911764705882,1,0,16.1,75.0,2.0
641,0,3,1,20.0,0,0,7.8542,75.0,2.0
642,1,1,0,24.0,0,0,69.3,24.0,0.0
643,0,3,0,2.0,3,2,27.9,75.0,2.0
644,1,3,1,29.69911764705882,0,0,56.4958,75.0,2.0
645,1,3,0,0.75,2,1,19.2583,75.0,0.0
646,1,1,1,48.0,1,0,76.7292,101.0,0.0
647,0,3,1,19.0,0,0,7.8958,75.0,2.0
648,1,1,1,56.0,0,0,35.5,7.0,0.0
649,0,3,1,29.69911764705882,0,0,7.55,75.0,2.0
650,1,3,0,23.0,0,0,7.55,75.0,2.0
651,0,3,1,29.69911764705882,0,0,7.8958,75.0,2.0
652,1,2,0,18.0,0,1,23.0,75.0,2.0
653,0,3,1,21.0,0,0,8.4333,75.0,2.0
654,1,3,0,29.69911764705882,0,0,7.8292,75.0,1.0
655,0,3,0,18.0,0,0,6.75,75.0,1.0
656,0,2,1,24.0,2,0,73.5,75.0,2.0
657,0,3,1,29.69911764705882,0,0,7.8958,75.0,2.0
658,0,3,0,32.0,1,1,15.5,75.0,1.0
659,0,2,1,23.0,0,0,13.0,75.0,2.0
660,0,1,1,58.0,0,2,113.275,108.0,0.0
661,1,1,1,50.0,2,0,133.65,75.0,2.0
662,0,3,1,40.0,0,0,7.225,75.0,0.0
663,0,1,1,47.0,0,0,25.5875,132.0,2.0
664,0,3,1,36.0,0,0,7.4958,75.0,2.0
665,1,3,1,20.0,1,0,7.925,75.0,2.0
666,0,2,1,32.0,2,0,73.5,75.0,2.0
667,0,2,1,25.0,0,0,13.0,75.0,2.0
668,0,3,1,29.69911764705882,0,0,7.775,75.0,2.0
669,0,3,1,43.0,0,0,8.05,75.0,2.0
670,1,1,0,29.69911764705882,1,0,52.0,58.0,2.0
671,1,2,0,40.0,1,1,39.0,75.0,2.0
672,0,1,1,31.0,1,0,52.0,38.0,2.0
673,0,2,1,70.0,0,0,10.5,75.0,2.0
674,1,2,1,31.0,0,0,13.0,75.0,2.0
675,0,2,1,29.69911764705882,0,0,0.0,75.0,2.0
676,0,3,1,18.0,0,0,7.775,75.0,2.0
677,0,3,1,24.5,0,0,8.05,75.0,2.0
678,1,3,0,18.0,0,0,9.8417,75.0,2.0
679,0,3,0,43.0,1,6,46.9,75.0,2.0
680,1,1,1,36.0,0,1,512.3292,34.0,0.0
681,0,3,0,29.69911764705882,0,0,8.1375,75.0,1.0
682,1,1,1,27.0,0,0,76.7292,109.0,0.0
683,0,3,1,20.0,0,0,9.225,75.0,2.0
684,0,3,1,14.0,5,2,46.9,75.0,2.0
685,0,2,1,60.0,1,1,39.0,75.0,2.0
686,0,2,1,25.0,1,2,41.5792,75.0,0.0
687,0,3,1,14.0,4,1,39.6875,75.0,2.0
688,0,3,1,19.0,0,0,10.1708,75.0,2.0
689,0,3,1,18.0,0,0,7.7958,75.0,2.0
690,1,1,0,15.0,0,1,211.3375,32.0,2.0
691,1,1,1,31.0,1,0,57.0,19.0,2.0
692,1,3,0,4.0,0,1,13.4167,75.0,0.0
693,1,3,1,29.69911764705882,0,0,56.4958,75.0,2.0
694,0,3,1,25.0,0,0,7.225,75.0,0.0
695,0,1,1,60.0,0,0,26.55,75.0,2.0
696,0,2,1,52.0,0,0,13.5,75.0,2.0
697,0,3,1,44.0,0,0,8.05,75.0,2.0
698,1,3,0,29.69911764705882,0,0,7.7333,75.0,1.0
699,0,1,1,49.0,1,1,110.8833,75.0,0.0
700,0,3,1,42.0,0,0,7.65,139.0,2.0
701,1,1,0,18.0,1,0,227.525,73.0,0.0
702,1,1,1,35.0,0,0,26.2875,120.0,2.0
703,0,3,0,18.0,0,1,14.4542,75.0,0.0
704,0,3,1,25.0,0,0,7.7417,75.0,1.0
705,0,3,1,26.0,1,0,7.8542,75.0,2.0
706,0,2,1,39.0,0,0,26.0,75.0,2.0
707,1,2,0,45.0,0,0,13.5,75.0,2.0
708,1,1,1,42.0,0,0,26.2875,120.0,2.0
709,1,1,0,22.0,0,0,151.55,75.0,2.0
710,1,3,1,29.69911764705882,1,1,15.2458,75.0,0.0
711,1,1,0,24.0,0,0,49.5042,84.0,0.0
712,0,1,1,29.69911764705882,0,0,26.55,56.0,2.0
713,1,1,1,48.0,1,0,52.0,58.0,2.0
714,0,3,1,29.0,0,0,9.4833,75.0,2.0
715,0,2,1,52.0,0,0,13.0,75.0,2.0
716,0,3,1,19.0,0,0,7.65,140.0,2.0
717,1,1,0,38.0,0,0,227.525,66.0,0.0
718,1,2,0,27.0,0,0,10.5,116.0,2.0
719,0,3,1,29.69911764705882,0,0,15.5,75.0,1.0
720,0,3,1,33.0,0,0,7.775,75.0,2.0
721,1,2,0,6.0,0,1,33.0,75.0,2.0
722,0,3,1,17.0,1,0,7.0542,75.0,2.0
723,0,2,1,34.0,0,0,13.0,75.0,2.0
724,0,2,1,50.0,0,0,13.0,75.0,2.0
725,1,1,1,27.0,1,0,53.1,137.0,2.0
726,0,3,1,20.0,0,0,8.6625,75.0,2.0
727,1,2,0,30.0,3,0,21.0,75.0,2.0
728,1,3,0,29.69911764705882,0,0,7.7375,75.0,1.0
729,0,2,1,25.0,1,0,26.0,75.0,2.0
730,0,3,0,25.0,1,0,7.925,75.0,2.0
731,1,1,0,29.0,0,0,211.3375,32.0,2.0
732,0,3,1,11.0,0,0,18.7875,75.0,0.0
733,0,2,1,29.69911764705882,0,0,0.0,75.0,2.0
734,0,2,1,23.0,0,0,13.0,75.0,2.0
735,0,2,1,23.0,0,0,13.0,75.0,2.0
736,0,3,1,28.5,0,0,16.1,75.0,2.0
737,0,3,0,48.0,1,3,34.375,75.0,2.0
738,1,1,1,35.0,0,0,512.3292,15.0,0.0
739,0,3,1,29.69911764705882,0,0,7.8958,75.0,2.0
740,0,3,1,29.69911764705882,0,0,7.8958,75.0,2.0
741,1,1,1,29.69911764705882,0,0,30.0,105.0,2.0
742,0,1,1,36.0,1,0,78.85,67.0,2.0
743,1,1,0,21.0,2,2,262.375,35.0,0.0
744,0,3,1,24.0,1,0,16.1,75.0,2.0
745,1,3,1,31.0,0,0,7.925,75.0,2.0
746,0,1,1,70.0,1,1,71.0,20.0,2.0
747,0,3,1,16.0,1,1,20.25,75.0,2.0
748,1,2,0,30.0,0,0,13.0,75.0,2.0
749,0,1,1,19.0,1,0,53.1,100.0,2.0
750,0,3,1,31.0,0,0,7.75,75.0,1.0
751,1,2,0,4.0,1,1,23.0,75.0,2.0
752,1,3,1,6.0,0,1,12.475,118.0,2.0
753,0,3,1,33.0,0,0,9.5,75.0,2.0
754,0,3,1,23.0,0,0,7.8958,75.0,2.0
755,1,2,0,48.0,1,2,65.0,75.0,2.0
756,1,2,1,0.67,1,1,14.5,75.0,2.0
757,0,3,1,28.0,0,0,7.7958,75.0,2.0
758,0,2,1,18.0,0,0,11.5,75.0,2.0
759,0,3,1,34.0,0,0,8.05,75.0,2.0
760,1,1,0,33.0,0,0,86.5,40.0,2.0
761,0,3,1,29.69911764705882,0,0,14.5,75.0,2.0
762,0,3,1,41.0,0,0,7.125,75.0,2.0
763,1,3,1,20.0,0,0,7.2292,75.0,0.0
764,1,1,0,36.0,1,2,120.0,47.0,2.0
765,0,3,1,16.0,0,0,7.775,75.0,2.0
766,1,1,0,51.0,1,0,77.9583,92.0,2.0
767,0,1,1,29.69911764705882,0,0,39.6,75.0,0.0
768,0,3,0,30.5,0,0,7.75,75.0,1.0
769,0,3,1,29.69911764705882,1,0,24.15,75.0,1.0
770,0,3,1,32.0,0,0,8.3625,75.0,2.0
771,0,3,1,24.0,0,0,9.5,75.0,2.0
772,0,3,1,48.0,0,0,7.8542,75.0,2.0
773,0,2,0,57.0,0,0,10.5,136.0,2.0
774,0,3,1,29.69911764705882,0,0,7.225,75.0,0.0
775,1,2,0,54.0,1,3,23.0,75.0,2.0
776,0,3,1,18.0,0,0,7.75,75.0,2.0
777,0,3,1,29.69911764705882,0,0,7.75,143.0,1.0
778,1,3,0,5.0,0,0,12.475,75.0,2.0
779,0,3,1,29.69911764705882,0,0,7.7375,75.0,1.0
780,1,1,0,43.0,0,1,211.3375,22.0,2.0
781,1,3,0,13.0,0,0,7.2292,75.0,0.0
782,1,1,0,17.0,1,0,57.0,19.0,2.0
783,0,1,1,29.0,0,0,30.0,112.0,2.0
784,0,3,1,29.69911764705882,1,2,23.45,75.0,2.0
785,0,3,1,25.0,0,0,7.05,75.0,2.0
786,0,3,1,25.0,0,0,7.25,75.0,2.0
787,1,3,0,18.0,0,0,7.4958,75.0,2.0
788,0,3,1,8.0,4,1,29.125,75.0,1.0
789,1,3,1,1.0,1,2,20.575,75.0,2.0
790,0,1,1,46.0,0,0,79.2,44.0,0.0
791,0,3,1,29.69911764705882,0,0,7.75,75.0,1.0
792,0,2,1,16.0,0,0,26.0,75.0,2.0
793,0,3,0,29.69911764705882,8,2,69.55,75.0,2.0
794,0,1,1,29.69911764705882,0,0,30.6958,75.0,0.0
795,0,3,1,25.0,0,0,7.8958,75.0,2.0
796,0,2,1,39.0,0,0,13.0,75.0,2.0
797,1,1,0,49.0,0,0,25.9292,94.0,2.0
798,1,3,0,31.0,0,0,8.6833,75.0,2.0
799,0,3,1,30.0,0,0,7.2292,75.0,0.0
800,0,3,0,30.0,1,1,24.15,75.0,2.0
801,0,2,1,34.0,0,0,13.0,75.0,2.0
802,1,2,0,31.0,1,1,26.25,75.0,2.0
803,1,1,1,11.0,1,2,120.0,47.0,2.0
804,1,3,1,0.42,0,1,8.5167,75.0,0.0
805,1,3,1,27.0,0,0,6.975,75.0,2.0
806,0,3,1,31.0,0,0,7.775,75.0,2.0
807,0,1,1,39.0,0,0,0.0,11.0,2.0
808,0,3,0,18.0,0,0,7.775,75.0,2.0
809,0,2,1,39.0,0,0,13.0,75.0,2.0
810,1,1,0,33.0,1,0,53.1,137.0,2.0
811,0,3,1,26.0,0,0,7.8875,75.0,2.0
812,0,3,1,39.0,0,0,24.15,75.0,2.0
813,0,2,1,35.0,0,0,10.5,75.0,2.0
814,0,3,0,6.0,4,2,31.275,75.0,2.0
815,0,3,1,30.5,0,0,8.05,75.0,2.0
816,0,1,1,29.69911764705882,0,0,0.0,16.0,2.0
817,0,3,0,23.0,0,0,7.925,75.0,2.0
818,0,2,1,31.0,1,1,37.0042,75.0,0.0
819,0,3,1,43.0,0,0,6.45,75.0,2.0
820,0,3,1,10.0,3,2,27.9,75.0,2.0
821,1,1,0,52.0,1,1,93.5,37.0,2.0
822,1,3,1,27.0,0,0,8.6625,75.0,2.0
823,0,1,1,38.0,0,0,0.0,75.0,2.0
824,1,3,0,27.0,0,1,12.475,118.0,2.0
825,0,3,1,2.0,4,1,39.6875,75.0,2.0
826,0,3,1,29.69911764705882,0,0,6.95,75.0,1.0
827,0,3,1,29.69911764705882,0,0,56.4958,75.0,2.0
828,1,2,1,1.0,0,2,37.0042,75.0,0.0
829,1,3,1,29.69911764705882,0,0,7.75,75.0,1.0
830,1,1,0,62.0,0,0,80.0,21.0,2.0
831,1,3,0,15.0,1,0,14.4542,75.0,0.0
832,1,2,1,0.83,1,1,18.75,75.0,2.0
833,0,3,1,29.69911764705882,0,0,7.2292,75.0,0.0
834,0,3,1,23.0,0,0,7.8542,75.0,2.0
835,0,3,1,18.0,0,0,8.3,75.0,2.0
836,1,1,0,39.0,1,1,83.1583,130.0,0.0
837,0,3,1,21.0,0,0,8.6625,75.0,2.0
838,0,3,1,29.69911764705882,0,0,8.05,75.0,2.0
839,1,3,1,32.0,0,0,56.4958,75.0,2.0
840,1,1,1,29.69911764705882,0,0,29.7,68.0,0.0
841,0,3,1,20.0,0,0,7.925,75.0,2.0
842,0,2,1,16.0,0,0,10.5,75.0,2.0
843,1,1,0,30.0,0,0,31.0,75.0,0.0
844,0,3,1,34.5,0,0,6.4375,75.0,0.0
845,0,3,1,17.0,0,0,8.6625,75.0,2.0
846,0,3,1,42.0,0,0,7.55,75.0,2.0
847,0,3,1,29.69911764705882,8,2,69.55,75.0,2.0
848,0,3,1,35.0,0,0,7.8958,75.0,0.0
849,0,2,1,28.0,0,1,33.0,75.0,2.0
850,1,1,0,29.69911764705882,1,0,89.1042,86.0,0.0
851,0,3,1,4.0,4,2,31.275,75.0,2.0
852,0,3,1,74.0,0,0,7.775,75.0,2.0
853,0,3,0,9.0,1,1,15.2458,75.0,0.0
854,1,1,0,16.0,0,1,39.4,99.0,2.0
855,0,2,0,44.0,1,0,26.0,75.0,2.0
856,1,3,0,18.0,0,1,9.35,75.0,2.0
857,1,1,0,45.0,1,1,164.8667,75.0,2.0
858,1,1,1,51.0,0,0,26.55,119.0,2.0
859,1,3,0,24.0,0,3,19.2583,75.0,0.0
860,0,3,1,29.69911764705882,0,0,7.2292,75.0,0.0
861,0,3,1,41.0,2,0,14.1083,75.0,2.0
862,0,2,1,21.0,1,0,11.5,75.0,2.0
863,1,1,0,48.0,0,0,25.9292,94.0,2.0
864,0,3,0,29.69911764705882,8,2,69.55,75.0,2.0
865,0,2,1,24.0,0,0,13.0,75.0,2.0
866,1,2,0,42.0,0,0,13.0,75.0,2.0
867,1,2,0,27.0,1,0,13.8583,75.0,0.0
868,0,1,1,31.0,0,0,50.4958,6.0,2.0
869,0,3,1,29.69911764705882,0,0,9.5,75.0,2.0
870,1,3,1,4.0,1,1,11.1333,75.0,2.0
871,0,3,1,26.0,0,0,7.8958,75.0,2.0
872,1,1,0,47.0,1,1,52.5542,102.0,2.0
873,0,1,1,33.0,0,0,5.0,34.0,2.0
874,0,3,1,47.0,0,0,9.0,75.0,2.0
875,1,2,0,28.0,1,0,24.0,75.0,0.0
876,1,3,0,15.0,0,0,7.225,75.0,0.0
877,0,3,1,20.0,0,0,9.8458,75.0,2.0
878,0,3,1,19.0,0,0,7.8958,75.0,2.0
879,0,3,1,29.69911764705882,0,0,7.8958,75.0,2.0
880,1,1,0,56.0,0,1,83.1583,70.0,0.0
881,1,2,0,25.0,0,1,26.0,75.0,2.0
882,0,3,1,33.0,0,0,7.8958,75.0,2.0
883,0,3,0,22.0,0,0,10.5167,75.0,2.0
884,0,2,1,28.0,0,0,10.5,75.0,2.0
885,0,3,1,25.0,0,0,7.05,75.0,2.0
886,0,3,0,39.0,0,5,29.125,75.0,1.0
887,0,2,1,27.0,0,0,13.0,75.0,2.0
888,1,1,0,19.0,0,0,30.0,30.0,2.0
889,0,3,0,29.69911764705882,1,2,23.45,75.0,2.0
890,1,1,1,26.0,0,0,30.0,60.0,0.0
891,0,3,1,32.0,0,0,7.75,75.0,1.0
