"","PassengerId","Survived","Pclass","Sex","Age","Ticket","Fare","Cabin","Cab"
"1",1,0,3,"male",22,"A/5 21171",7.25,"B96 B98","C"
"2",2,1,1,"female",38,"PC 17599",71.2833,"C85","C"
"3",3,1,3,"female",26,"STON/O2. 3101282",7.925,"B96 B98","C"
"4",4,1,1,"female",35,"113803",53.1,"C123","C"
"5",5,0,3,"male",35,"373450",8.05,"B96 B98","C"
"6",6,0,3,"male",29.6991176470588,"330877",8.4583,"B96 B98","C"
"7",7,0,1,"male",54,"17463",51.8625,"E46","E"
"8",8,0,3,"male",2,"349909",21.075,"B96 B98","C"
"9",9,1,3,"female",27,"347742",11.1333,"B96 B98","C"
"10",10,1,2,"female",14,"237736",30.0708,"B96 B98","C"
"11",11,1,3,"female",4,"PP 9549",16.7,"G6","G"
"12",12,1,1,"female",58,"113783",26.55,"C103","C"
"13",13,0,3,"male",20,"A/5. 2151",8.05,"B96 B98","C"
"14",14,0,3,"male",39,"347082",31.275,"B96 B98","C"
"15",15,0,3,"female",14,"350406",7.8542,"B96 B98","C"
"16",16,1,2,"female",55,"248706",16,"B96 B98","C"
"17",17,0,3,"male",2,"382652",29.125,"B96 B98","C"
"18",18,1,2,"male",29.6991176470588,"244373",13,"B96 B98","C"
"19",19,0,3,"female",31,"345763",18,"B96 B98","C"
"20",20,1,3,"female",29.6991176470588,"2649",7.225,"B96 B98","C"
"21",21,0,2,"male",35,"239865",26,"B96 B98","C"
"22",22,1,2,"male",34,"248698",13,"D56","D"
"23",23,1,3,"female",15,"330923",8.0292,"B96 B98","C"
"24",24,1,1,"male",28,"113788",35.5,"A6","A"
"25",25,0,3,"female",8,"349909",21.075,"B96 B98","C"
"26",26,1,3,"female",38,"347077",31.3875,"B96 B98","C"
"27",27,0,3,"male",29.6991176470588,"2631",7.225,"B96 B98","C"
"28",28,0,1,"male",19,"19950",263,"C23 C25 C27","C"
"29",29,1,3,"female",29.6991176470588,"330959",7.8792,"B96 B98","C"
"30",30,0,3,"male",29.6991176470588,"349216",7.8958,"B96 B98","C"
"31",31,0,1,"male",40,"PC 17601",27.7208,"B96 B98","C"
"32",32,1,1,"female",29.6991176470588,"PC 17569",146.5208,"B78","B"
"33",33,1,3,"female",29.6991176470588,"335677",7.75,"B96 B98","C"
"34",34,0,2,"male",66,"C.A. 24579",10.5,"B96 B98","C"
"35",35,0,1,"male",28,"PC 17604",82.1708,"B96 B98","C"
"36",36,0,1,"male",42,"113789",52,"B96 B98","C"
"37",37,1,3,"male",29.6991176470588,"2677",7.2292,"B96 B98","C"
"38",38,0,3,"male",21,"A./5. 2152",8.05,"B96 B98","C"
"39",39,0,3,"female",18,"345764",18,"B96 B98","C"
"40",40,1,3,"female",14,"2651",11.2417,"B96 B98","C"
"41",41,0,3,"female",40,"7546",9.475,"B96 B98","C"
"42",42,0,2,"female",27,"11668",21,"B96 B98","C"
"43",43,0,3,"male",29.6991176470588,"349253",7.8958,"B96 B98","C"
"44",44,1,2,"female",3,"SC/Paris 2123",41.5792,"B96 B98","C"
"45",45,1,3,"female",19,"330958",7.8792,"B96 B98","C"
"46",46,0,3,"male",29.6991176470588,"S.C./A.4. 23567",8.05,"B96 B98","C"
"47",47,0,3,"male",29.6991176470588,"370371",15.5,"B96 B98","C"
"48",48,1,3,"female",29.6991176470588,"14311",7.75,"B96 B98","C"
"49",49,0,3,"male",29.6991176470588,"2662",21.6792,"B96 B98","C"
"50",50,0,3,"female",18,"349237",17.8,"B96 B98","C"
"51",51,0,3,"male",7,"3101295",39.6875,"B96 B98","C"
"52",52,0,3,"male",21,"A/4. 39886",7.8,"B96 B98","C"
"53",53,1,1,"female",49,"PC 17572",76.7292,"D33","D"
"54",54,1,2,"female",29,"2926",26,"B96 B98","C"
"55",55,0,1,"male",65,"113509",61.9792,"B30","B"
"56",56,1,1,"male",29.6991176470588,"19947",35.5,"C52","C"
"57",57,1,2,"female",21,"C.A. 31026",10.5,"B96 B98","C"
"58",58,0,3,"male",28.5,"2697",7.2292,"B96 B98","C"
"59",59,1,2,"female",5,"C.A. 34651",27.75,"B96 B98","C"
"60",60,0,3,"male",11,"CA 2144",46.9,"B96 B98","C"
"61",61,0,3,"male",22,"2669",7.2292,"B96 B98","C"
"62",62,1,1,"female",38,"113572",80,"B28","B"
"63",63,0,1,"male",45,"36973",83.475,"C83","C"
"64",64,0,3,"male",4,"347088",27.9,"B96 B98","C"
"65",65,0,1,"male",29.6991176470588,"PC 17605",27.7208,"B96 B98","C"
"66",66,1,3,"male",29.6991176470588,"2661",15.2458,"B96 B98","C"
"67",67,1,2,"female",29,"C.A. 29395",10.5,"F33","F"
"68",68,0,3,"male",19,"S.P. 3464",8.1583,"B96 B98","C"
"69",69,1,3,"female",17,"3101281",7.925,"B96 B98","C"
"70",70,0,3,"male",26,"315151",8.6625,"B96 B98","C"
"71",71,0,2,"male",32,"C.A. 33111",10.5,"B96 B98","C"
"72",72,0,3,"female",16,"CA 2144",46.9,"B96 B98","C"
"73",73,0,2,"male",21,"S.O.C. 14879",73.5,"B96 B98","C"
"74",74,0,3,"male",26,"2680",14.4542,"B96 B98","C"
"75",75,1,3,"male",32,"1601",56.4958,"B96 B98","C"
"76",76,0,3,"male",25,"348123",7.65,"F G73","F"
"77",77,0,3,"male",29.6991176470588,"349208",7.8958,"B96 B98","C"
"78",78,0,3,"male",29.6991176470588,"374746",8.05,"B96 B98","C"
"79",79,1,2,"male",0.83,"248738",29,"B96 B98","C"
"80",80,1,3,"female",30,"364516",12.475,"B96 B98","C"
"81",81,0,3,"male",22,"345767",9,"B96 B98","C"
"82",82,1,3,"male",29,"345779",9.5,"B96 B98","C"
"83",83,1,3,"female",29.6991176470588,"330932",7.7875,"B96 B98","C"
"84",84,0,1,"male",28,"113059",47.1,"B96 B98","C"
"85",85,1,2,"female",17,"SO/C 14885",10.5,"B96 B98","C"
"86",86,1,3,"female",33,"3101278",15.85,"B96 B98","C"
"87",87,0,3,"male",16,"W./C. 6608",34.375,"B96 B98","C"
"88",88,0,3,"male",29.6991176470588,"SOTON/OQ 392086",8.05,"B96 B98","C"
"89",89,1,1,"female",23,"19950",263,"C23 C25 C27","C"
"90",90,0,3,"male",24,"343275",8.05,"B96 B98","C"
"91",91,0,3,"male",29,"343276",8.05,"B96 B98","C"
"92",92,0,3,"male",20,"347466",7.8542,"B96 B98","C"
"93",93,0,1,"male",46,"W.E.P. 5734",61.175,"E31","E"
"94",94,0,3,"male",26,"C.A. 2315",20.575,"B96 B98","C"
"95",95,0,3,"male",59,"364500",7.25,"B96 B98","C"
"96",96,0,3,"male",29.6991176470588,"374910",8.05,"B96 B98","C"
"97",97,0,1,"male",71,"PC 17754",34.6542,"A5","A"
"98",98,1,1,"male",23,"PC 17759",63.3583,"D10 D12","D"
"99",99,1,2,"female",34,"231919",23,"B96 B98","C"
"100",100,0,2,"male",34,"244367",26,"B96 B98","C"
"101",101,0,3,"female",28,"349245",7.8958,"B96 B98","C"
"102",102,0,3,"male",29.6991176470588,"349215",7.8958,"B96 B98","C"
"103",103,0,1,"male",21,"35281",77.2875,"D26","D"
"104",104,0,3,"male",33,"7540",8.6542,"B96 B98","C"
"105",105,0,3,"male",37,"3101276",7.925,"B96 B98","C"
"106",106,0,3,"male",28,"349207",7.8958,"B96 B98","C"
"107",107,1,3,"female",21,"343120",7.65,"B96 B98","C"
"108",108,1,3,"male",29.6991176470588,"312991",7.775,"B96 B98","C"
"109",109,0,3,"male",38,"349249",7.8958,"B96 B98","C"
"110",110,1,3,"female",29.6991176470588,"371110",24.15,"B96 B98","C"
"111",111,0,1,"male",47,"110465",52,"C110","C"
"112",112,0,3,"female",14.5,"2665",14.4542,"B96 B98","C"
"113",113,0,3,"male",22,"324669",8.05,"B96 B98","C"
"114",114,0,3,"female",20,"4136",9.825,"B96 B98","C"
"115",115,0,3,"female",17,"2627",14.4583,"B96 B98","C"
"116",116,0,3,"male",21,"STON/O 2. 3101294",7.925,"B96 B98","C"
"117",117,0,3,"male",70.5,"370369",7.75,"B96 B98","C"
"118",118,0,2,"male",29,"11668",21,"B96 B98","C"
"119",119,0,1,"male",24,"PC 17558",247.5208,"B58 B60","B"
"120",120,0,3,"female",2,"347082",31.275,"B96 B98","C"
"121",121,0,2,"male",21,"S.O.C. 14879",73.5,"B96 B98","C"
"122",122,0,3,"male",29.6991176470588,"A4. 54510",8.05,"B96 B98","C"
"123",123,0,2,"male",32.5,"237736",30.0708,"B96 B98","C"
"124",124,1,2,"female",32.5,"27267",13,"E101","E"
"125",125,0,1,"male",54,"35281",77.2875,"D26","D"
"126",126,1,3,"male",12,"2651",11.2417,"B96 B98","C"
"127",127,0,3,"male",29.6991176470588,"370372",7.75,"B96 B98","C"
"128",128,1,3,"male",24,"C 17369",7.1417,"B96 B98","C"
"129",129,1,3,"female",29.6991176470588,"2668",22.3583,"F E69","F"
"130",130,0,3,"male",45,"347061",6.975,"B96 B98","C"
"131",131,0,3,"male",33,"349241",7.8958,"B96 B98","C"
"132",132,0,3,"male",20,"SOTON/O.Q. 3101307",7.05,"B96 B98","C"
"133",133,0,3,"female",47,"A/5. 3337",14.5,"B96 B98","C"
"134",134,1,2,"female",29,"228414",26,"B96 B98","C"
"135",135,0,2,"male",25,"C.A. 29178",13,"B96 B98","C"
"136",136,0,2,"male",23,"SC/PARIS 2133",15.0458,"B96 B98","C"
"137",137,1,1,"female",19,"11752",26.2833,"D47","D"
"138",138,0,1,"male",37,"113803",53.1,"C123","C"
"139",139,0,3,"male",16,"7534",9.2167,"B96 B98","C"
"140",140,0,1,"male",24,"PC 17593",79.2,"B86","B"
"141",141,0,3,"female",29.6991176470588,"2678",15.2458,"B96 B98","C"
"142",142,1,3,"female",22,"347081",7.75,"B96 B98","C"
"143",143,1,3,"female",24,"STON/O2. 3101279",15.85,"B96 B98","C"
"144",144,0,3,"male",19,"365222",6.75,"B96 B98","C"
"145",145,0,2,"male",18,"231945",11.5,"B96 B98","C"
"146",146,0,2,"male",19,"C.A. 33112",36.75,"B96 B98","C"
"147",147,1,3,"male",27,"350043",7.7958,"B96 B98","C"
"148",148,0,3,"female",9,"W./C. 6608",34.375,"B96 B98","C"
"149",149,0,2,"male",36.5,"230080",26,"F2","F"
"150",150,0,2,"male",42,"244310",13,"B96 B98","C"
"151",151,0,2,"male",51,"S.O.P. 1166",12.525,"B96 B98","C"
"152",152,1,1,"female",22,"113776",66.6,"C2","C"
"153",153,0,3,"male",55.5,"A.5. 11206",8.05,"B96 B98","C"
"154",154,0,3,"male",40.5,"A/5. 851",14.5,"B96 B98","C"
"155",155,0,3,"male",29.6991176470588,"Fa 265302",7.3125,"B96 B98","C"
"156",156,0,1,"male",51,"PC 17597",61.3792,"B96 B98","C"
"157",157,1,3,"female",16,"35851",7.7333,"B96 B98","C"
"158",158,0,3,"male",30,"SOTON/OQ 392090",8.05,"B96 B98","C"
"159",159,0,3,"male",29.6991176470588,"315037",8.6625,"B96 B98","C"
"160",160,0,3,"male",29.6991176470588,"CA. 2343",69.55,"B96 B98","C"
"161",161,0,3,"male",44,"371362",16.1,"B96 B98","C"
"162",162,1,2,"female",40,"C.A. 33595",15.75,"B96 B98","C"
"163",163,0,3,"male",26,"347068",7.775,"B96 B98","C"
"164",164,0,3,"male",17,"315093",8.6625,"B96 B98","C"
"165",165,0,3,"male",1,"3101295",39.6875,"B96 B98","C"
"166",166,1,3,"male",9,"363291",20.525,"B96 B98","C"
"167",167,1,1,"female",29.6991176470588,"113505",55,"E33","E"
"168",168,0,3,"female",45,"347088",27.9,"B96 B98","C"
"169",169,0,1,"male",29.6991176470588,"PC 17318",25.925,"B96 B98","C"
"170",170,0,3,"male",28,"1601",56.4958,"B96 B98","C"
"171",171,0,1,"male",61,"111240",33.5,"B19","B"
"172",172,0,3,"male",4,"382652",29.125,"B96 B98","C"
"173",173,1,3,"female",1,"347742",11.1333,"B96 B98","C"
"174",174,0,3,"male",21,"STON/O 2. 3101280",7.925,"B96 B98","C"
"175",175,0,1,"male",56,"17764",30.6958,"A7","A"
"176",176,0,3,"male",18,"350404",7.8542,"B96 B98","C"
"177",177,0,3,"male",29.6991176470588,"4133",25.4667,"B96 B98","C"
"178",178,0,1,"female",50,"PC 17595",28.7125,"C49","C"
"179",179,0,2,"male",30,"250653",13,"B96 B98","C"
"180",180,0,3,"male",36,"LINE",0,"B96 B98","C"
"181",181,0,3,"female",29.6991176470588,"CA. 2343",69.55,"B96 B98","C"
"182",182,0,2,"male",29.6991176470588,"SC/PARIS 2131",15.05,"B96 B98","C"
"183",183,0,3,"male",9,"347077",31.3875,"B96 B98","C"
"184",184,1,2,"male",1,"230136",39,"F4","F"
"185",185,1,3,"female",4,"315153",22.025,"B96 B98","C"
"186",186,0,1,"male",29.6991176470588,"113767",50,"A32","A"
"187",187,1,3,"female",29.6991176470588,"370365",15.5,"B96 B98","C"
"188",188,1,1,"male",45,"111428",26.55,"B96 B98","C"
"189",189,0,3,"male",40,"364849",15.5,"B96 B98","C"
"190",190,0,3,"male",36,"349247",7.8958,"B96 B98","C"
"191",191,1,2,"female",32,"234604",13,"B96 B98","C"
"192",192,0,2,"male",19,"28424",13,"B96 B98","C"
"193",193,1,3,"female",19,"350046",7.8542,"B96 B98","C"
"194",194,1,2,"male",3,"230080",26,"F2","F"
"195",195,1,1,"female",44,"PC 17610",27.7208,"B4","B"
"196",196,1,1,"female",58,"PC 17569",146.5208,"B80","B"
"197",197,0,3,"male",29.6991176470588,"368703",7.75,"B96 B98","C"
"198",198,0,3,"male",42,"4579",8.4042,"B96 B98","C"
"199",199,1,3,"female",29.6991176470588,"370370",7.75,"B96 B98","C"
"200",200,0,2,"female",24,"248747",13,"B96 B98","C"
"201",201,0,3,"male",28,"345770",9.5,"B96 B98","C"
"202",202,0,3,"male",29.6991176470588,"CA. 2343",69.55,"B96 B98","C"
"203",203,0,3,"male",34,"3101264",6.4958,"B96 B98","C"
"204",204,0,3,"male",45.5,"2628",7.225,"B96 B98","C"
"205",205,1,3,"male",18,"A/5 3540",8.05,"B96 B98","C"
"206",206,0,3,"female",2,"347054",10.4625,"G6","G"
"207",207,0,3,"male",32,"3101278",15.85,"B96 B98","C"
"208",208,1,3,"male",26,"2699",18.7875,"B96 B98","C"
"209",209,1,3,"female",16,"367231",7.75,"B96 B98","C"
"210",210,1,1,"male",40,"112277",31,"A31","A"
"211",211,0,3,"male",24,"SOTON/O.Q. 3101311",7.05,"B96 B98","C"
"212",212,1,2,"female",35,"F.C.C. 13528",21,"B96 B98","C"
"213",213,0,3,"male",22,"A/5 21174",7.25,"B96 B98","C"
"214",214,0,2,"male",30,"250646",13,"B96 B98","C"
"215",215,0,3,"male",29.6991176470588,"367229",7.75,"B96 B98","C"
"216",216,1,1,"female",31,"35273",113.275,"D36","D"
"217",217,1,3,"female",27,"STON/O2. 3101283",7.925,"B96 B98","C"
"218",218,0,2,"male",42,"243847",27,"B96 B98","C"
"219",219,1,1,"female",32,"11813",76.2917,"D15","D"
"220",220,0,2,"male",30,"W/C 14208",10.5,"B96 B98","C"
"221",221,1,3,"male",16,"SOTON/OQ 392089",8.05,"B96 B98","C"
"222",222,0,2,"male",27,"220367",13,"B96 B98","C"
"223",223,0,3,"male",51,"21440",8.05,"B96 B98","C"
"224",224,0,3,"male",29.6991176470588,"349234",7.8958,"B96 B98","C"
"225",225,1,1,"male",38,"19943",90,"C93","C"
"226",226,0,3,"male",22,"PP 4348",9.35,"B96 B98","C"
"227",227,1,2,"male",19,"SW/PP 751",10.5,"B96 B98","C"
"228",228,0,3,"male",20.5,"A/5 21173",7.25,"B96 B98","C"
"229",229,0,2,"male",18,"236171",13,"B96 B98","C"
"230",230,0,3,"female",29.6991176470588,"4133",25.4667,"B96 B98","C"
"231",231,1,1,"female",35,"36973",83.475,"C83","C"
"232",232,0,3,"male",29,"347067",7.775,"B96 B98","C"
"233",233,0,2,"male",59,"237442",13.5,"B96 B98","C"
"234",234,1,3,"female",5,"347077",31.3875,"B96 B98","C"
"235",235,0,2,"male",24,"C.A. 29566",10.5,"B96 B98","C"
"236",236,0,3,"female",29.6991176470588,"W./C. 6609",7.55,"B96 B98","C"
"237",237,0,2,"male",44,"26707",26,"B96 B98","C"
"238",238,1,2,"female",8,"C.A. 31921",26.25,"B96 B98","C"
"239",239,0,2,"male",19,"28665",10.5,"B96 B98","C"
"240",240,0,2,"male",33,"SCO/W 1585",12.275,"B96 B98","C"
"241",241,0,3,"female",29.6991176470588,"2665",14.4542,"B96 B98","C"
"242",242,1,3,"female",29.6991176470588,"367230",15.5,"B96 B98","C"
"243",243,0,2,"male",29,"W./C. 14263",10.5,"B96 B98","C"
"244",244,0,3,"male",22,"STON/O 2. 3101275",7.125,"B96 B98","C"
"245",245,0,3,"male",30,"2694",7.225,"B96 B98","C"
"246",246,0,1,"male",44,"19928",90,"C78","C"
"247",247,0,3,"female",25,"347071",7.775,"B96 B98","C"
"248",248,1,2,"female",24,"250649",14.5,"B96 B98","C"
"249",249,1,1,"male",37,"11751",52.5542,"D35","D"
"250",250,0,2,"male",54,"244252",26,"B96 B98","C"
"251",251,0,3,"male",29.6991176470588,"362316",7.25,"B96 B98","C"
"252",252,0,3,"female",29,"347054",10.4625,"G6","G"
"253",253,0,1,"male",62,"113514",26.55,"C87","C"
"254",254,0,3,"male",30,"A/5. 3336",16.1,"B96 B98","C"
"255",255,0,3,"female",41,"370129",20.2125,"B96 B98","C"
"256",256,1,3,"female",29,"2650",15.2458,"B96 B98","C"
"257",257,1,1,"female",29.6991176470588,"PC 17585",79.2,"B96 B98","C"
"258",258,1,1,"female",30,"110152",86.5,"B77","B"
"259",259,1,1,"female",35,"PC 17755",512.3292,"B96 B98","C"
"260",260,1,2,"female",50,"230433",26,"B96 B98","C"
"261",261,0,3,"male",29.6991176470588,"384461",7.75,"B96 B98","C"
"262",262,1,3,"male",3,"347077",31.3875,"B96 B98","C"
"263",263,0,1,"male",52,"110413",79.65,"E67","E"
"264",264,0,1,"male",40,"112059",0,"B94","B"
"265",265,0,3,"female",29.6991176470588,"382649",7.75,"B96 B98","C"
"266",266,0,2,"male",36,"C.A. 17248",10.5,"B96 B98","C"
"267",267,0,3,"male",16,"3101295",39.6875,"B96 B98","C"
"268",268,1,3,"male",25,"347083",7.775,"B96 B98","C"
"269",269,1,1,"female",58,"PC 17582",153.4625,"C125","C"
"270",270,1,1,"female",35,"PC 17760",135.6333,"C99","C"
"271",271,0,1,"male",29.6991176470588,"113798",31,"B96 B98","C"
"272",272,1,3,"male",25,"LINE",0,"B96 B98","C"
"273",273,1,2,"female",41,"250644",19.5,"B96 B98","C"
"274",274,0,1,"male",37,"PC 17596",29.7,"C118","C"
"275",275,1,3,"female",29.6991176470588,"370375",7.75,"B96 B98","C"
"276",276,1,1,"female",63,"13502",77.9583,"D7","D"
"277",277,0,3,"female",45,"347073",7.75,"B96 B98","C"
"278",278,0,2,"male",29.6991176470588,"239853",0,"B96 B98","C"
"279",279,0,3,"male",7,"382652",29.125,"B96 B98","C"
"280",280,1,3,"female",35,"C.A. 2673",20.25,"B96 B98","C"
"281",281,0,3,"male",65,"336439",7.75,"B96 B98","C"
"282",282,0,3,"male",28,"347464",7.8542,"B96 B98","C"
"283",283,0,3,"male",16,"345778",9.5,"B96 B98","C"
"284",284,1,3,"male",19,"A/5. 10482",8.05,"B96 B98","C"
"285",285,0,1,"male",29.6991176470588,"113056",26,"A19","A"
"286",286,0,3,"male",33,"349239",8.6625,"B96 B98","C"
"287",287,1,3,"male",30,"345774",9.5,"B96 B98","C"
"288",288,0,3,"male",22,"349206",7.8958,"B96 B98","C"
"289",289,1,2,"male",42,"237798",13,"B96 B98","C"
"290",290,1,3,"female",22,"370373",7.75,"B96 B98","C"
"291",291,1,1,"female",26,"19877",78.85,"B96 B98","C"
"292",292,1,1,"female",19,"11967",91.0792,"B49","B"
"293",293,0,2,"male",36,"SC/Paris 2163",12.875,"D","D"
"294",294,0,3,"female",24,"349236",8.85,"B96 B98","C"
"295",295,0,3,"male",24,"349233",7.8958,"B96 B98","C"
"296",296,0,1,"male",29.6991176470588,"PC 17612",27.7208,"B96 B98","C"
"297",297,0,3,"male",23.5,"2693",7.2292,"B96 B98","C"
"298",298,0,1,"female",2,"113781",151.55,"C22 C26","C"
"299",299,1,1,"male",29.6991176470588,"19988",30.5,"C106","C"
"300",300,1,1,"female",50,"PC 17558",247.5208,"B58 B60","B"
"301",301,1,3,"female",29.6991176470588,"9234",7.75,"B96 B98","C"
"302",302,1,3,"male",29.6991176470588,"367226",23.25,"B96 B98","C"
"303",303,0,3,"male",19,"LINE",0,"B96 B98","C"
"304",304,1,2,"female",29.6991176470588,"226593",12.35,"E101","E"
"305",305,0,3,"male",29.6991176470588,"A/5 2466",8.05,"B96 B98","C"
"306",306,1,1,"male",0.92,"113781",151.55,"C22 C26","C"
"307",307,1,1,"female",29.6991176470588,"17421",110.8833,"B96 B98","C"
"308",308,1,1,"female",17,"PC 17758",108.9,"C65","C"
"309",309,0,2,"male",30,"P/PP 3381",24,"B96 B98","C"
"310",310,1,1,"female",30,"PC 17485",56.9292,"E36","E"
"311",311,1,1,"female",24,"11767",83.1583,"C54","C"
"312",312,1,1,"female",18,"PC 17608",262.375,"B57 B59 B63 B66","B"
"313",313,0,2,"female",26,"250651",26,"B96 B98","C"
"314",314,0,3,"male",28,"349243",7.8958,"B96 B98","C"
"315",315,0,2,"male",43,"F.C.C. 13529",26.25,"B96 B98","C"
"316",316,1,3,"female",26,"347470",7.8542,"B96 B98","C"
"317",317,1,2,"female",24,"244367",26,"B96 B98","C"
"318",318,0,2,"male",54,"29011",14,"B96 B98","C"
"319",319,1,1,"female",31,"36928",164.8667,"C7","C"
"320",320,1,1,"female",40,"16966",134.5,"E34","E"
"321",321,0,3,"male",22,"A/5 21172",7.25,"B96 B98","C"
"322",322,0,3,"male",27,"349219",7.8958,"B96 B98","C"
"323",323,1,2,"female",30,"234818",12.35,"B96 B98","C"
"324",324,1,2,"female",22,"248738",29,"B96 B98","C"
"325",325,0,3,"male",29.6991176470588,"CA. 2343",69.55,"B96 B98","C"
"326",326,1,1,"female",36,"PC 17760",135.6333,"C32","C"
"327",327,0,3,"male",61,"345364",6.2375,"B96 B98","C"
"328",328,1,2,"female",36,"28551",13,"D","D"
"329",329,1,3,"female",31,"363291",20.525,"B96 B98","C"
"330",330,1,1,"female",16,"111361",57.9792,"B18","B"
"331",331,1,3,"female",29.6991176470588,"367226",23.25,"B96 B98","C"
"332",332,0,1,"male",45.5,"113043",28.5,"C124","C"
"333",333,0,1,"male",38,"PC 17582",153.4625,"C91","C"
"334",334,0,3,"male",16,"345764",18,"B96 B98","C"
"335",335,1,1,"female",29.6991176470588,"PC 17611",133.65,"B96 B98","C"
"336",336,0,3,"male",29.6991176470588,"349225",7.8958,"B96 B98","C"
"337",337,0,1,"male",29,"113776",66.6,"C2","C"
"338",338,1,1,"female",41,"16966",134.5,"E40","E"
"339",339,1,3,"male",45,"7598",8.05,"B96 B98","C"
"340",340,0,1,"male",45,"113784",35.5,"T","T"
"341",341,1,2,"male",2,"230080",26,"F2","F"
"342",342,1,1,"female",24,"19950",263,"C23 C25 C27","C"
"343",343,0,2,"male",28,"248740",13,"B96 B98","C"
"344",344,0,2,"male",25,"244361",13,"B96 B98","C"
"345",345,0,2,"male",36,"229236",13,"B96 B98","C"
"346",346,1,2,"female",24,"248733",13,"F33","F"
"347",347,1,2,"female",40,"31418",13,"B96 B98","C"
"348",348,1,3,"female",29.6991176470588,"386525",16.1,"B96 B98","C"
"349",349,1,3,"male",3,"C.A. 37671",15.9,"B96 B98","C"
"350",350,0,3,"male",42,"315088",8.6625,"B96 B98","C"
"351",351,0,3,"male",23,"7267",9.225,"B96 B98","C"
"352",352,0,1,"male",29.6991176470588,"113510",35,"C128","C"
"353",353,0,3,"male",15,"2695",7.2292,"B96 B98","C"
"354",354,0,3,"male",25,"349237",17.8,"B96 B98","C"
"355",355,0,3,"male",29.6991176470588,"2647",7.225,"B96 B98","C"
"356",356,0,3,"male",28,"345783",9.5,"B96 B98","C"
"357",357,1,1,"female",22,"113505",55,"E33","E"
"358",358,0,2,"female",38,"237671",13,"B96 B98","C"
"359",359,1,3,"female",29.6991176470588,"330931",7.8792,"B96 B98","C"
"360",360,1,3,"female",29.6991176470588,"330980",7.8792,"B96 B98","C"
"361",361,0,3,"male",40,"347088",27.9,"B96 B98","C"
"362",362,0,2,"male",29,"SC/PARIS 2167",27.7208,"B96 B98","C"
"363",363,0,3,"female",45,"2691",14.4542,"B96 B98","C"
"364",364,0,3,"male",35,"SOTON/O.Q. 3101310",7.05,"B96 B98","C"
"365",365,0,3,"male",29.6991176470588,"370365",15.5,"B96 B98","C"
"366",366,0,3,"male",30,"C 7076",7.25,"B96 B98","C"
"367",367,1,1,"female",60,"110813",75.25,"D37","D"
"368",368,1,3,"female",29.6991176470588,"2626",7.2292,"B96 B98","C"
"369",369,1,3,"female",29.6991176470588,"14313",7.75,"B96 B98","C"
"370",370,1,1,"female",24,"PC 17477",69.3,"B35","B"
"371",371,1,1,"male",25,"11765",55.4417,"E50","E"
"372",372,0,3,"male",18,"3101267",6.4958,"B96 B98","C"
"373",373,0,3,"male",19,"323951",8.05,"B96 B98","C"
"374",374,0,1,"male",22,"PC 17760",135.6333,"B96 B98","C"
"375",375,0,3,"female",3,"349909",21.075,"B96 B98","C"
"376",376,1,1,"female",29.6991176470588,"PC 17604",82.1708,"B96 B98","C"
"377",377,1,3,"female",22,"C 7077",7.25,"B96 B98","C"
"378",378,0,1,"male",27,"113503",211.5,"C82","C"
"379",379,0,3,"male",20,"2648",4.0125,"B96 B98","C"
"380",380,0,3,"male",19,"347069",7.775,"B96 B98","C"
"381",381,1,1,"female",42,"PC 17757",227.525,"B96 B98","C"
"382",382,1,3,"female",1,"2653",15.7417,"B96 B98","C"
"383",383,0,3,"male",32,"STON/O 2. 3101293",7.925,"B96 B98","C"
"384",384,1,1,"female",35,"113789",52,"B96 B98","C"
"385",385,0,3,"male",29.6991176470588,"349227",7.8958,"B96 B98","C"
"386",386,0,2,"male",18,"S.O.C. 14879",73.5,"B96 B98","C"
"387",387,0,3,"male",1,"CA 2144",46.9,"B96 B98","C"
"388",388,1,2,"female",36,"27849",13,"B96 B98","C"
"389",389,0,3,"male",29.6991176470588,"367655",7.7292,"B96 B98","C"
"390",390,1,2,"female",17,"SC 1748",12,"B96 B98","C"
"391",391,1,1,"male",36,"113760",120,"B96 B98","B"
"392",392,1,3,"male",21,"350034",7.7958,"B96 B98","C"
"393",393,0,3,"male",28,"3101277",7.925,"B96 B98","C"
"394",394,1,1,"female",23,"35273",113.275,"D36","D"
"395",395,1,3,"female",24,"PP 9549",16.7,"G6","G"
"396",396,0,3,"male",22,"350052",7.7958,"B96 B98","C"
"397",397,0,3,"female",31,"350407",7.8542,"B96 B98","C"
"398",398,0,2,"male",46,"28403",26,"B96 B98","C"
"399",399,0,2,"male",23,"244278",10.5,"B96 B98","C"
"400",400,1,2,"female",28,"240929",12.65,"B96 B98","C"
"401",401,1,3,"male",39,"STON/O 2. 3101289",7.925,"B96 B98","C"
"402",402,0,3,"male",26,"341826",8.05,"B96 B98","C"
"403",403,0,3,"female",21,"4137",9.825,"B96 B98","C"
"404",404,0,3,"male",28,"STON/O2. 3101279",15.85,"B96 B98","C"
"405",405,0,3,"female",20,"315096",8.6625,"B96 B98","C"
"406",406,0,2,"male",34,"28664",21,"B96 B98","C"
"407",407,0,3,"male",51,"347064",7.75,"B96 B98","C"
"408",408,1,2,"male",3,"29106",18.75,"B96 B98","C"
"409",409,0,3,"male",21,"312992",7.775,"B96 B98","C"
"410",410,0,3,"female",29.6991176470588,"4133",25.4667,"B96 B98","C"
"411",411,0,3,"male",29.6991176470588,"349222",7.8958,"B96 B98","C"
"412",412,0,3,"male",29.6991176470588,"394140",6.8583,"B96 B98","C"
"413",413,1,1,"female",33,"19928",90,"C78","C"
"414",414,0,2,"male",29.6991176470588,"239853",0,"B96 B98","C"
"415",415,1,3,"male",44,"STON/O 2. 3101269",7.925,"B96 B98","C"
"416",416,0,3,"female",29.6991176470588,"343095",8.05,"B96 B98","C"
"417",417,1,2,"female",34,"28220",32.5,"B96 B98","C"
"418",418,1,2,"female",18,"250652",13,"B96 B98","C"
"419",419,0,2,"male",30,"28228",13,"B96 B98","C"
"420",420,0,3,"female",10,"345773",24.15,"B96 B98","C"
"421",421,0,3,"male",29.6991176470588,"349254",7.8958,"B96 B98","C"
"422",422,0,3,"male",21,"A/5. 13032",7.7333,"B96 B98","C"
"423",423,0,3,"male",29,"315082",7.875,"B96 B98","C"
"424",424,0,3,"female",28,"347080",14.4,"B96 B98","C"
"425",425,0,3,"male",18,"370129",20.2125,"B96 B98","C"
"426",426,0,3,"male",29.6991176470588,"A/4. 34244",7.25,"B96 B98","C"
"427",427,1,2,"female",28,"2003",26,"B96 B98","C"
"428",428,1,2,"female",19,"250655",26,"B96 B98","C"
"429",429,0,3,"male",29.6991176470588,"364851",7.75,"B96 B98","C"
"430",430,1,3,"male",32,"SOTON/O.Q. 392078",8.05,"E10","E"
"431",431,1,1,"male",28,"110564",26.55,"C52","C"
"432",432,1,3,"female",29.6991176470588,"376564",16.1,"B96 B98","C"
"433",433,1,2,"female",42,"SC/AH 3085",26,"B96 B98","C"
"434",434,0,3,"male",17,"STON/O 2. 3101274",7.125,"B96 B98","C"
"435",435,0,1,"male",50,"13507",55.9,"E44","E"
"436",436,1,1,"female",14,"113760",120,"B96 B98","B"
"437",437,0,3,"female",21,"W./C. 6608",34.375,"B96 B98","C"
"438",438,1,2,"female",24,"29106",18.75,"B96 B98","C"
"439",439,0,1,"male",64,"19950",263,"C23 C25 C27","C"
"440",440,0,2,"male",31,"C.A. 18723",10.5,"B96 B98","C"
"441",441,1,2,"female",45,"F.C.C. 13529",26.25,"B96 B98","C"
"442",442,0,3,"male",20,"345769",9.5,"B96 B98","C"
"443",443,0,3,"male",25,"347076",7.775,"B96 B98","C"
"444",444,1,2,"female",28,"230434",13,"B96 B98","C"
"445",445,1,3,"male",29.6991176470588,"65306",8.1125,"B96 B98","C"
"446",446,1,1,"male",4,"33638",81.8583,"A34","A"
"447",447,1,2,"female",13,"250644",19.5,"B96 B98","C"
"448",448,1,1,"male",34,"113794",26.55,"B96 B98","C"
"449",449,1,3,"female",5,"2666",19.2583,"B96 B98","C"
"450",450,1,1,"male",52,"113786",30.5,"C104","C"
"451",451,0,2,"male",36,"C.A. 34651",27.75,"B96 B98","C"
"452",452,0,3,"male",29.6991176470588,"65303",19.9667,"B96 B98","C"
"453",453,0,1,"male",30,"113051",27.75,"C111","C"
"454",454,1,1,"male",49,"17453",89.1042,"C92","C"
"455",455,0,3,"male",29.6991176470588,"A/5 2817",8.05,"B96 B98","C"
"456",456,1,3,"male",29,"349240",7.8958,"B96 B98","C"
"457",457,0,1,"male",65,"13509",26.55,"E38","E"
"458",458,1,1,"female",29.6991176470588,"17464",51.8625,"D21","D"
"459",459,1,2,"female",50,"F.C.C. 13531",10.5,"B96 B98","C"
"460",460,0,3,"male",29.6991176470588,"371060",7.75,"B96 B98","C"
"461",461,1,1,"male",48,"19952",26.55,"E12","E"
"462",462,0,3,"male",34,"364506",8.05,"B96 B98","C"
"463",463,0,1,"male",47,"111320",38.5,"E63","E"
"464",464,0,2,"male",48,"234360",13,"B96 B98","C"
"465",465,0,3,"male",29.6991176470588,"A/S 2816",8.05,"B96 B98","C"
"466",466,0,3,"male",38,"SOTON/O.Q. 3101306",7.05,"B96 B98","C"
"467",467,0,2,"male",29.6991176470588,"239853",0,"B96 B98","C"
"468",468,0,1,"male",56,"113792",26.55,"B96 B98","C"
"469",469,0,3,"male",29.6991176470588,"36209",7.725,"B96 B98","C"
"470",470,1,3,"female",0.75,"2666",19.2583,"B96 B98","C"
"471",471,0,3,"male",29.6991176470588,"323592",7.25,"B96 B98","C"
"472",472,0,3,"male",38,"315089",8.6625,"B96 B98","C"
"473",473,1,2,"female",33,"C.A. 34651",27.75,"B96 B98","C"
"474",474,1,2,"female",23,"SC/AH Basle 541",13.7917,"D","D"
"475",475,0,3,"female",22,"7553",9.8375,"B96 B98","C"
"476",476,0,1,"male",29.6991176470588,"110465",52,"A14","A"
"477",477,0,2,"male",34,"31027",21,"B96 B98","C"
"478",478,0,3,"male",29,"3460",7.0458,"B96 B98","C"
"479",479,0,3,"male",22,"350060",7.5208,"B96 B98","C"
"480",480,1,3,"female",2,"3101298",12.2875,"B96 B98","C"
"481",481,0,3,"male",9,"CA 2144",46.9,"B96 B98","C"
"482",482,0,2,"male",29.6991176470588,"239854",0,"B96 B98","C"
"483",483,0,3,"male",50,"A/5 3594",8.05,"B96 B98","C"
"484",484,1,3,"female",63,"4134",9.5875,"B96 B98","C"
"485",485,1,1,"male",25,"11967",91.0792,"B49","B"
"486",486,0,3,"female",29.6991176470588,"4133",25.4667,"B96 B98","C"
"487",487,1,1,"female",35,"19943",90,"C93","C"
"488",488,0,1,"male",58,"11771",29.7,"B37","B"
"489",489,0,3,"male",30,"A.5. 18509",8.05,"B96 B98","C"
"490",490,1,3,"male",9,"C.A. 37671",15.9,"B96 B98","C"
"491",491,0,3,"male",29.6991176470588,"65304",19.9667,"B96 B98","C"
"492",492,0,3,"male",21,"SOTON/OQ 3101317",7.25,"B96 B98","C"
"493",493,0,1,"male",55,"113787",30.5,"C30","C"
"494",494,0,1,"male",71,"PC 17609",49.5042,"B96 B98","C"
"495",495,0,3,"male",21,"A/4 45380",8.05,"B96 B98","C"
"496",496,0,3,"male",29.6991176470588,"2627",14.4583,"B96 B98","C"
"497",497,1,1,"female",54,"36947",78.2667,"D20","D"
"498",498,0,3,"male",29.6991176470588,"C.A. 6212",15.1,"B96 B98","C"
"499",499,0,1,"female",25,"113781",151.55,"C22 C26","C"
"500",500,0,3,"male",24,"350035",7.7958,"B96 B98","C"
"501",501,0,3,"male",17,"315086",8.6625,"B96 B98","C"
"502",502,0,3,"female",21,"364846",7.75,"B96 B98","C"
"503",503,0,3,"female",29.6991176470588,"330909",7.6292,"B96 B98","C"
"504",504,0,3,"female",37,"4135",9.5875,"B96 B98","C"
"505",505,1,1,"female",16,"110152",86.5,"B79","B"
"506",506,0,1,"male",18,"PC 17758",108.9,"C65","C"
"507",507,1,2,"female",33,"26360",26,"B96 B98","C"
"508",508,1,1,"male",29.6991176470588,"111427",26.55,"B96 B98","C"
"509",509,0,3,"male",28,"C 4001",22.525,"B96 B98","C"
"510",510,1,3,"male",26,"1601",56.4958,"B96 B98","C"
"511",511,1,3,"male",29,"382651",7.75,"B96 B98","C"
"512",512,0,3,"male",29.6991176470588,"SOTON/OQ 3101316",8.05,"B96 B98","C"
"513",513,1,1,"male",36,"PC 17473",26.2875,"E25","E"
"514",514,1,1,"female",54,"PC 17603",59.4,"B96 B98","C"
"515",515,0,3,"male",24,"349209",7.4958,"B96 B98","C"
"516",516,0,1,"male",47,"36967",34.0208,"D46","D"
"517",517,1,2,"female",34,"C.A. 34260",10.5,"F33","F"
"518",518,0,3,"male",29.6991176470588,"371110",24.15,"B96 B98","C"
"519",519,1,2,"female",36,"226875",26,"B96 B98","C"
"520",520,0,3,"male",32,"349242",7.8958,"B96 B98","C"
"521",521,1,1,"female",30,"12749",93.5,"B73","B"
"522",522,0,3,"male",22,"349252",7.8958,"B96 B98","C"
"523",523,0,3,"male",29.6991176470588,"2624",7.225,"B96 B98","C"
"524",524,1,1,"female",44,"111361",57.9792,"B18","B"
"525",525,0,3,"male",29.6991176470588,"2700",7.2292,"B96 B98","C"
"526",526,0,3,"male",40.5,"367232",7.75,"B96 B98","C"
"527",527,1,2,"female",50,"W./C. 14258",10.5,"B96 B98","C"
"528",528,0,1,"male",29.6991176470588,"PC 17483",221.7792,"C95","C"
"529",529,0,3,"male",39,"3101296",7.925,"B96 B98","C"
"530",530,0,2,"male",23,"29104",11.5,"B96 B98","C"
"531",531,1,2,"female",2,"26360",26,"B96 B98","C"
"532",532,0,3,"male",29.6991176470588,"2641",7.2292,"B96 B98","C"
"533",533,0,3,"male",17,"2690",7.2292,"B96 B98","C"
"534",534,1,3,"female",29.6991176470588,"2668",22.3583,"B96 B98","C"
"535",535,0,3,"female",30,"315084",8.6625,"B96 B98","C"
"536",536,1,2,"female",7,"F.C.C. 13529",26.25,"B96 B98","C"
"537",537,0,1,"male",45,"113050",26.55,"B38","B"
"538",538,1,1,"female",30,"PC 17761",106.425,"B96 B98","C"
"539",539,0,3,"male",29.6991176470588,"364498",14.5,"B96 B98","C"
"540",540,1,1,"female",22,"13568",49.5,"B39","B"
"541",541,1,1,"female",36,"WE/P 5735",71,"B22","B"
"542",542,0,3,"female",9,"347082",31.275,"B96 B98","C"
"543",543,0,3,"female",11,"347082",31.275,"B96 B98","C"
"544",544,1,2,"male",32,"2908",26,"B96 B98","C"
"545",545,0,1,"male",50,"PC 17761",106.425,"C86","C"
"546",546,0,1,"male",64,"693",26,"B96 B98","C"
"547",547,1,2,"female",19,"2908",26,"B96 B98","C"
"548",548,1,2,"male",29.6991176470588,"SC/PARIS 2146",13.8625,"B96 B98","C"
"549",549,0,3,"male",33,"363291",20.525,"B96 B98","C"
"550",550,1,2,"male",8,"C.A. 33112",36.75,"B96 B98","C"
"551",551,1,1,"male",17,"17421",110.8833,"C70","C"
"552",552,0,2,"male",27,"244358",26,"B96 B98","C"
"553",553,0,3,"male",29.6991176470588,"330979",7.8292,"B96 B98","C"
"554",554,1,3,"male",22,"2620",7.225,"B96 B98","C"
"555",555,1,3,"female",22,"347085",7.775,"B96 B98","C"
"556",556,0,1,"male",62,"113807",26.55,"B96 B98","C"
"557",557,1,1,"female",48,"11755",39.6,"A16","A"
"558",558,0,1,"male",29.6991176470588,"PC 17757",227.525,"B96 B98","C"
"559",559,1,1,"female",39,"110413",79.65,"E67","E"
"560",560,1,3,"female",36,"345572",17.4,"B96 B98","C"
"561",561,0,3,"male",29.6991176470588,"372622",7.75,"B96 B98","C"
"562",562,0,3,"male",40,"349251",7.8958,"B96 B98","C"
"563",563,0,2,"male",28,"218629",13.5,"B96 B98","C"
"564",564,0,3,"male",29.6991176470588,"SOTON/OQ 392082",8.05,"B96 B98","C"
"565",565,0,3,"female",29.6991176470588,"SOTON/O.Q. 392087",8.05,"B96 B98","C"
"566",566,0,3,"male",24,"A/4 48871",24.15,"B96 B98","C"
"567",567,0,3,"male",19,"349205",7.8958,"B96 B98","C"
"568",568,0,3,"female",29,"349909",21.075,"B96 B98","C"
"569",569,0,3,"male",29.6991176470588,"2686",7.2292,"B96 B98","C"
"570",570,1,3,"male",32,"350417",7.8542,"B96 B98","C"
"571",571,1,2,"male",62,"S.W./PP 752",10.5,"B96 B98","C"
"572",572,1,1,"female",53,"11769",51.4792,"C101","C"
"573",573,1,1,"male",36,"PC 17474",26.3875,"E25","E"
"574",574,1,3,"female",29.6991176470588,"14312",7.75,"B96 B98","C"
"575",575,0,3,"male",16,"A/4. 20589",8.05,"B96 B98","C"
"576",576,0,3,"male",19,"358585",14.5,"B96 B98","C"
"577",577,1,2,"female",34,"243880",13,"B96 B98","C"
"578",578,1,1,"female",39,"13507",55.9,"E44","E"
"579",579,0,3,"female",29.6991176470588,"2689",14.4583,"B96 B98","C"
"580",580,1,3,"male",32,"STON/O 2. 3101286",7.925,"B96 B98","C"
"581",581,1,2,"female",25,"237789",30,"B96 B98","C"
"582",582,1,1,"female",39,"17421",110.8833,"C68","C"
"583",583,0,2,"male",54,"28403",26,"B96 B98","C"
"584",584,0,1,"male",36,"13049",40.125,"A10","A"
"585",585,0,3,"male",29.6991176470588,"3411",8.7125,"B96 B98","C"
"586",586,1,1,"female",18,"110413",79.65,"E68","E"
"587",587,0,2,"male",47,"237565",15,"B96 B98","C"
"588",588,1,1,"male",60,"13567",79.2,"B41","B"
"589",589,0,3,"male",22,"14973",8.05,"B96 B98","C"
"590",590,0,3,"male",29.6991176470588,"A./5. 3235",8.05,"B96 B98","C"
"591",591,0,3,"male",35,"STON/O 2. 3101273",7.125,"B96 B98","C"
"592",592,1,1,"female",52,"36947",78.2667,"D20","D"
"593",593,0,3,"male",47,"A/5 3902",7.25,"B96 B98","C"
"594",594,0,3,"female",29.6991176470588,"364848",7.75,"B96 B98","C"
"595",595,0,2,"male",37,"SC/AH 29037",26,"B96 B98","C"
"596",596,0,3,"male",36,"345773",24.15,"B96 B98","C"
"597",597,1,2,"female",29.6991176470588,"248727",33,"B96 B98","C"
"598",598,0,3,"male",49,"LINE",0,"B96 B98","C"
"599",599,0,3,"male",29.6991176470588,"2664",7.225,"B96 B98","C"
"600",600,1,1,"male",49,"PC 17485",56.9292,"A20","A"
"601",601,1,2,"female",24,"243847",27,"B96 B98","C"
"602",602,0,3,"male",29.6991176470588,"349214",7.8958,"B96 B98","C"
"603",603,0,1,"male",29.6991176470588,"113796",42.4,"B96 B98","C"
"604",604,0,3,"male",44,"364511",8.05,"B96 B98","C"
"605",605,1,1,"male",35,"111426",26.55,"B96 B98","C"
"606",606,0,3,"male",36,"349910",15.55,"B96 B98","C"
"607",607,0,3,"male",30,"349246",7.8958,"B96 B98","C"
"608",608,1,1,"male",27,"113804",30.5,"B96 B98","C"
"609",609,1,2,"female",22,"SC/Paris 2123",41.5792,"B96 B98","C"
"610",610,1,1,"female",40,"PC 17582",153.4625,"C125","C"
"611",611,0,3,"female",39,"347082",31.275,"B96 B98","C"
"612",612,0,3,"male",29.6991176470588,"SOTON/O.Q. 3101305",7.05,"B96 B98","C"
"613",613,1,3,"female",29.6991176470588,"367230",15.5,"B96 B98","C"
"614",614,0,3,"male",29.6991176470588,"370377",7.75,"B96 B98","C"
"615",615,0,3,"male",35,"364512",8.05,"B96 B98","C"
"616",616,1,2,"female",24,"220845",65,"B96 B98","C"
"617",617,0,3,"male",34,"347080",14.4,"B96 B98","C"
"618",618,0,3,"female",26,"A/5. 3336",16.1,"B96 B98","C"
"619",619,1,2,"female",4,"230136",39,"F4","F"
"620",620,0,2,"male",26,"31028",10.5,"B96 B98","C"
"621",621,0,3,"male",27,"2659",14.4542,"B96 B98","C"
"622",622,1,1,"male",42,"11753",52.5542,"D19","D"
"623",623,1,3,"male",20,"2653",15.7417,"B96 B98","C"
"624",624,0,3,"male",21,"350029",7.8542,"B96 B98","C"
"625",625,0,3,"male",21,"54636",16.1,"B96 B98","C"
"626",626,0,1,"male",61,"36963",32.3208,"D50","D"
"627",627,0,2,"male",57,"219533",12.35,"B96 B98","C"
"628",628,1,1,"female",21,"13502",77.9583,"D9","D"
"629",629,0,3,"male",26,"349224",7.8958,"B96 B98","C"
"630",630,0,3,"male",29.6991176470588,"334912",7.7333,"B96 B98","C"
"631",631,1,1,"male",80,"27042",30,"A23","A"
"632",632,0,3,"male",51,"347743",7.0542,"B96 B98","C"
"633",633,1,1,"male",32,"13214",30.5,"B50","B"
"634",634,0,1,"male",29.6991176470588,"112052",0,"B96 B98","C"
"635",635,0,3,"female",9,"347088",27.9,"B96 B98","C"
"636",636,1,2,"female",28,"237668",13,"B96 B98","C"
"637",637,0,3,"male",32,"STON/O 2. 3101292",7.925,"B96 B98","C"
"638",638,0,2,"male",31,"C.A. 31921",26.25,"B96 B98","C"
"639",639,0,3,"female",41,"3101295",39.6875,"B96 B98","C"
"640",640,0,3,"male",29.6991176470588,"376564",16.1,"B96 B98","C"
"641",641,0,3,"male",20,"350050",7.8542,"B96 B98","C"
"642",642,1,1,"female",24,"PC 17477",69.3,"B35","B"
"643",643,0,3,"female",2,"347088",27.9,"B96 B98","C"
"644",644,1,3,"male",29.6991176470588,"1601",56.4958,"B96 B98","C"
"645",645,1,3,"female",0.75,"2666",19.2583,"B96 B98","C"
"646",646,1,1,"male",48,"PC 17572",76.7292,"D33","D"
"647",647,0,3,"male",19,"349231",7.8958,"B96 B98","C"
"648",648,1,1,"male",56,"13213",35.5,"A26","A"
"649",649,0,3,"male",29.6991176470588,"S.O./P.P. 751",7.55,"B96 B98","C"
"650",650,1,3,"female",23,"CA. 2314",7.55,"B96 B98","C"
"651",651,0,3,"male",29.6991176470588,"349221",7.8958,"B96 B98","C"
"652",652,1,2,"female",18,"231919",23,"B96 B98","C"
"653",653,0,3,"male",21,"8475",8.4333,"B96 B98","C"
"654",654,1,3,"female",29.6991176470588,"330919",7.8292,"B96 B98","C"
"655",655,0,3,"female",18,"365226",6.75,"B96 B98","C"
"656",656,0,2,"male",24,"S.O.C. 14879",73.5,"B96 B98","C"
"657",657,0,3,"male",29.6991176470588,"349223",7.8958,"B96 B98","C"
"658",658,0,3,"female",32,"364849",15.5,"B96 B98","C"
"659",659,0,2,"male",23,"29751",13,"B96 B98","C"
"660",660,0,1,"male",58,"35273",113.275,"D48","D"
"661",661,1,1,"male",50,"PC 17611",133.65,"B96 B98","C"
"662",662,0,3,"male",40,"2623",7.225,"B96 B98","C"
"663",663,0,1,"male",47,"5727",25.5875,"E58","E"
"664",664,0,3,"male",36,"349210",7.4958,"B96 B98","C"
"665",665,1,3,"male",20,"STON/O 2. 3101285",7.925,"B96 B98","C"
"666",666,0,2,"male",32,"S.O.C. 14879",73.5,"B96 B98","C"
"667",667,0,2,"male",25,"234686",13,"B96 B98","C"
"668",668,0,3,"male",29.6991176470588,"312993",7.775,"B96 B98","C"
"669",669,0,3,"male",43,"A/5 3536",8.05,"B96 B98","C"
"670",670,1,1,"female",29.6991176470588,"19996",52,"C126","C"
"671",671,1,2,"female",40,"29750",39,"B96 B98","C"
"672",672,0,1,"male",31,"F.C. 12750",52,"B71","B"
"673",673,0,2,"male",70,"C.A. 24580",10.5,"B96 B98","C"
"674",674,1,2,"male",31,"244270",13,"B96 B98","C"
"675",675,0,2,"male",29.6991176470588,"239856",0,"B96 B98","C"
"676",676,0,3,"male",18,"349912",7.775,"B96 B98","C"
"677",677,0,3,"male",24.5,"342826",8.05,"B96 B98","C"
"678",678,1,3,"female",18,"4138",9.8417,"B96 B98","C"
"679",679,0,3,"female",43,"CA 2144",46.9,"B96 B98","C"
"680",680,1,1,"male",36,"PC 17755",512.3292,"B51 B53 B55","B"
"681",681,0,3,"female",29.6991176470588,"330935",8.1375,"B96 B98","C"
"682",682,1,1,"male",27,"PC 17572",76.7292,"D49","D"
"683",683,0,3,"male",20,"6563",9.225,"B96 B98","C"
"684",684,0,3,"male",14,"CA 2144",46.9,"B96 B98","C"
"685",685,0,2,"male",60,"29750",39,"B96 B98","C"
"686",686,0,2,"male",25,"SC/Paris 2123",41.5792,"B96 B98","C"
"687",687,0,3,"male",14,"3101295",39.6875,"B96 B98","C"
"688",688,0,3,"male",19,"349228",10.1708,"B96 B98","C"
"689",689,0,3,"male",18,"350036",7.7958,"B96 B98","C"
"690",690,1,1,"female",15,"24160",211.3375,"B5","B"
"691",691,1,1,"male",31,"17474",57,"B20","B"
"692",692,1,3,"female",4,"349256",13.4167,"B96 B98","C"
"693",693,1,3,"male",29.6991176470588,"1601",56.4958,"B96 B98","C"
"694",694,0,3,"male",25,"2672",7.225,"B96 B98","C"
"695",695,0,1,"male",60,"113800",26.55,"B96 B98","C"
"696",696,0,2,"male",52,"248731",13.5,"B96 B98","C"
"697",697,0,3,"male",44,"363592",8.05,"B96 B98","C"
"698",698,1,3,"female",29.6991176470588,"35852",7.7333,"B96 B98","C"
"699",699,0,1,"male",49,"17421",110.8833,"C68","C"
"700",700,0,3,"male",42,"348121",7.65,"F G63","F"
"701",701,1,1,"female",18,"PC 17757",227.525,"C62 C64","C"
"702",702,1,1,"male",35,"PC 17475",26.2875,"E24","E"
"703",703,0,3,"female",18,"2691",14.4542,"B96 B98","C"
"704",704,0,3,"male",25,"36864",7.7417,"B96 B98","C"
"705",705,0,3,"male",26,"350025",7.8542,"B96 B98","C"
"706",706,0,2,"male",39,"250655",26,"B96 B98","C"
"707",707,1,2,"female",45,"223596",13.5,"B96 B98","C"
"708",708,1,1,"male",42,"PC 17476",26.2875,"E24","E"
"709",709,1,1,"female",22,"113781",151.55,"B96 B98","C"
"710",710,1,3,"male",29.6991176470588,"2661",15.2458,"B96 B98","C"
"711",711,1,1,"female",24,"PC 17482",49.5042,"C90","C"
"712",712,0,1,"male",29.6991176470588,"113028",26.55,"C124","C"
"713",713,1,1,"male",48,"19996",52,"C126","C"
"714",714,0,3,"male",29,"7545",9.4833,"B96 B98","C"
"715",715,0,2,"male",52,"250647",13,"B96 B98","C"
"716",716,0,3,"male",19,"348124",7.65,"F G73","F"
"717",717,1,1,"female",38,"PC 17757",227.525,"C45","C"
"718",718,1,2,"female",27,"34218",10.5,"E101","E"
"719",719,0,3,"male",29.6991176470588,"36568",15.5,"B96 B98","C"
"720",720,0,3,"male",33,"347062",7.775,"B96 B98","C"
"721",721,1,2,"female",6,"248727",33,"B96 B98","C"
"722",722,0,3,"male",17,"350048",7.0542,"B96 B98","C"
"723",723,0,2,"male",34,"12233",13,"B96 B98","C"
"724",724,0,2,"male",50,"250643",13,"B96 B98","C"
"725",725,1,1,"male",27,"113806",53.1,"E8","E"
"726",726,0,3,"male",20,"315094",8.6625,"B96 B98","C"
"727",727,1,2,"female",30,"31027",21,"B96 B98","C"
"728",728,1,3,"female",29.6991176470588,"36866",7.7375,"B96 B98","C"
"729",729,0,2,"male",25,"236853",26,"B96 B98","C"
"730",730,0,3,"female",25,"STON/O2. 3101271",7.925,"B96 B98","C"
"731",731,1,1,"female",29,"24160",211.3375,"B5","B"
"732",732,0,3,"male",11,"2699",18.7875,"B96 B98","C"
"733",733,0,2,"male",29.6991176470588,"239855",0,"B96 B98","C"
"734",734,0,2,"male",23,"28425",13,"B96 B98","C"
"735",735,0,2,"male",23,"233639",13,"B96 B98","C"
"736",736,0,3,"male",28.5,"54636",16.1,"B96 B98","C"
"737",737,0,3,"female",48,"W./C. 6608",34.375,"B96 B98","C"
"738",738,1,1,"male",35,"PC 17755",512.3292,"B101","B"
"739",739,0,3,"male",29.6991176470588,"349201",7.8958,"B96 B98","C"
"740",740,0,3,"male",29.6991176470588,"349218",7.8958,"B96 B98","C"
"741",741,1,1,"male",29.6991176470588,"16988",30,"D45","D"
"742",742,0,1,"male",36,"19877",78.85,"C46","C"
"743",743,1,1,"female",21,"PC 17608",262.375,"B57 B59 B63 B66","B"
"744",744,0,3,"male",24,"376566",16.1,"B96 B98","C"
"745",745,1,3,"male",31,"STON/O 2. 3101288",7.925,"B96 B98","C"
"746",746,0,1,"male",70,"WE/P 5735",71,"B22","B"
"747",747,0,3,"male",16,"C.A. 2673",20.25,"B96 B98","C"
"748",748,1,2,"female",30,"250648",13,"B96 B98","C"
"749",749,0,1,"male",19,"113773",53.1,"D30","D"
"750",750,0,3,"male",31,"335097",7.75,"B96 B98","C"
"751",751,1,2,"female",4,"29103",23,"B96 B98","C"
"752",752,1,3,"male",6,"392096",12.475,"E121","E"
"753",753,0,3,"male",33,"345780",9.5,"B96 B98","C"
"754",754,0,3,"male",23,"349204",7.8958,"B96 B98","C"
"755",755,1,2,"female",48,"220845",65,"B96 B98","C"
"756",756,1,2,"male",0.67,"250649",14.5,"B96 B98","C"
"757",757,0,3,"male",28,"350042",7.7958,"B96 B98","C"
"758",758,0,2,"male",18,"29108",11.5,"B96 B98","C"
"759",759,0,3,"male",34,"363294",8.05,"B96 B98","C"
"760",760,1,1,"female",33,"110152",86.5,"B77","B"
"761",761,0,3,"male",29.6991176470588,"358585",14.5,"B96 B98","C"
"762",762,0,3,"male",41,"SOTON/O2 3101272",7.125,"B96 B98","C"
"763",763,1,3,"male",20,"2663",7.2292,"B96 B98","C"
"764",764,1,1,"female",36,"113760",120,"B96 B98","B"
"765",765,0,3,"male",16,"347074",7.775,"B96 B98","C"
"766",766,1,1,"female",51,"13502",77.9583,"D11","D"
"767",767,0,1,"male",29.6991176470588,"112379",39.6,"B96 B98","C"
"768",768,0,3,"female",30.5,"364850",7.75,"B96 B98","C"
"769",769,0,3,"male",29.6991176470588,"371110",24.15,"B96 B98","C"
"770",770,0,3,"male",32,"8471",8.3625,"B96 B98","C"
"771",771,0,3,"male",24,"345781",9.5,"B96 B98","C"
"772",772,0,3,"male",48,"350047",7.8542,"B96 B98","C"
"773",773,0,2,"female",57,"S.O./P.P. 3",10.5,"E77","E"
"774",774,0,3,"male",29.6991176470588,"2674",7.225,"B96 B98","C"
"775",775,1,2,"female",54,"29105",23,"B96 B98","C"
"776",776,0,3,"male",18,"347078",7.75,"B96 B98","C"
"777",777,0,3,"male",29.6991176470588,"383121",7.75,"F38","F"
"778",778,1,3,"female",5,"364516",12.475,"B96 B98","C"
"779",779,0,3,"male",29.6991176470588,"36865",7.7375,"B96 B98","C"
"780",780,1,1,"female",43,"24160",211.3375,"B3","B"
"781",781,1,3,"female",13,"2687",7.2292,"B96 B98","C"
"782",782,1,1,"female",17,"17474",57,"B20","B"
"783",783,0,1,"male",29,"113501",30,"D6","D"
"784",784,0,3,"male",29.6991176470588,"W./C. 6607",23.45,"B96 B98","C"
"785",785,0,3,"male",25,"SOTON/O.Q. 3101312",7.05,"B96 B98","C"
"786",786,0,3,"male",25,"374887",7.25,"B96 B98","C"
"787",787,1,3,"female",18,"3101265",7.4958,"B96 B98","C"
"788",788,0,3,"male",8,"382652",29.125,"B96 B98","C"
"789",789,1,3,"male",1,"C.A. 2315",20.575,"B96 B98","C"
"790",790,0,1,"male",46,"PC 17593",79.2,"B82 B84","B"
"791",791,0,3,"male",29.6991176470588,"12460",7.75,"B96 B98","C"
"792",792,0,2,"male",16,"239865",26,"B96 B98","C"
"793",793,0,3,"female",29.6991176470588,"CA. 2343",69.55,"B96 B98","C"
"794",794,0,1,"male",29.6991176470588,"PC 17600",30.6958,"B96 B98","C"
"795",795,0,3,"male",25,"349203",7.8958,"B96 B98","C"
"796",796,0,2,"male",39,"28213",13,"B96 B98","C"
"797",797,1,1,"female",49,"17465",25.9292,"D17","D"
"798",798,1,3,"female",31,"349244",8.6833,"B96 B98","C"
"799",799,0,3,"male",30,"2685",7.2292,"B96 B98","C"
"800",800,0,3,"female",30,"345773",24.15,"B96 B98","C"
"801",801,0,2,"male",34,"250647",13,"B96 B98","C"
"802",802,1,2,"female",31,"C.A. 31921",26.25,"B96 B98","C"
"803",803,1,1,"male",11,"113760",120,"B96 B98","B"
"804",804,1,3,"male",0.42,"2625",8.5167,"B96 B98","C"
"805",805,1,3,"male",27,"347089",6.975,"B96 B98","C"
"806",806,0,3,"male",31,"347063",7.775,"B96 B98","C"
"807",807,0,1,"male",39,"112050",0,"A36","A"
"808",808,0,3,"female",18,"347087",7.775,"B96 B98","C"
"809",809,0,2,"male",39,"248723",13,"B96 B98","C"
"810",810,1,1,"female",33,"113806",53.1,"E8","E"
"811",811,0,3,"male",26,"3474",7.8875,"B96 B98","C"
"812",812,0,3,"male",39,"A/4 48871",24.15,"B96 B98","C"
"813",813,0,2,"male",35,"28206",10.5,"B96 B98","C"
"814",814,0,3,"female",6,"347082",31.275,"B96 B98","C"
"815",815,0,3,"male",30.5,"364499",8.05,"B96 B98","C"
"816",816,0,1,"male",29.6991176470588,"112058",0,"B102","B"
"817",817,0,3,"female",23,"STON/O2. 3101290",7.925,"B96 B98","C"
"818",818,0,2,"male",31,"S.C./PARIS 2079",37.0042,"B96 B98","C"
"819",819,0,3,"male",43,"C 7075",6.45,"B96 B98","C"
"820",820,0,3,"male",10,"347088",27.9,"B96 B98","C"
"821",821,1,1,"female",52,"12749",93.5,"B69","B"
"822",822,1,3,"male",27,"315098",8.6625,"B96 B98","C"
"823",823,0,1,"male",38,"19972",0,"B96 B98","C"
"824",824,1,3,"female",27,"392096",12.475,"E121","E"
"825",825,0,3,"male",2,"3101295",39.6875,"B96 B98","C"
"826",826,0,3,"male",29.6991176470588,"368323",6.95,"B96 B98","C"
"827",827,0,3,"male",29.6991176470588,"1601",56.4958,"B96 B98","C"
"828",828,1,2,"male",1,"S.C./PARIS 2079",37.0042,"B96 B98","C"
"829",829,1,3,"male",29.6991176470588,"367228",7.75,"B96 B98","C"
"830",830,1,1,"female",62,"113572",80,"B28","B"
"831",831,1,3,"female",15,"2659",14.4542,"B96 B98","C"
"832",832,1,2,"male",0.83,"29106",18.75,"B96 B98","C"
"833",833,0,3,"male",29.6991176470588,"2671",7.2292,"B96 B98","C"
"834",834,0,3,"male",23,"347468",7.8542,"B96 B98","C"
"835",835,0,3,"male",18,"2223",8.3,"B96 B98","C"
"836",836,1,1,"female",39,"PC 17756",83.1583,"E49","E"
"837",837,0,3,"male",21,"315097",8.6625,"B96 B98","C"
"838",838,0,3,"male",29.6991176470588,"392092",8.05,"B96 B98","C"
"839",839,1,3,"male",32,"1601",56.4958,"B96 B98","C"
"840",840,1,1,"male",29.6991176470588,"11774",29.7,"C47","C"
"841",841,0,3,"male",20,"SOTON/O2 3101287",7.925,"B96 B98","C"
"842",842,0,2,"male",16,"S.O./P.P. 3",10.5,"B96 B98","C"
"843",843,1,1,"female",30,"113798",31,"B96 B98","C"
"844",844,0,3,"male",34.5,"2683",6.4375,"B96 B98","C"
"845",845,0,3,"male",17,"315090",8.6625,"B96 B98","C"
"846",846,0,3,"male",42,"C.A. 5547",7.55,"B96 B98","C"
"847",847,0,3,"male",29.6991176470588,"CA. 2343",69.55,"B96 B98","C"
"848",848,0,3,"male",35,"349213",7.8958,"B96 B98","C"
"849",849,0,2,"male",28,"248727",33,"B96 B98","C"
"850",850,1,1,"female",29.6991176470588,"17453",89.1042,"C92","C"
"851",851,0,3,"male",4,"347082",31.275,"B96 B98","C"
"852",852,0,3,"male",74,"347060",7.775,"B96 B98","C"
"853",853,0,3,"female",9,"2678",15.2458,"B96 B98","C"
"854",854,1,1,"female",16,"PC 17592",39.4,"D28","D"
"855",855,0,2,"female",44,"244252",26,"B96 B98","C"
"856",856,1,3,"female",18,"392091",9.35,"B96 B98","C"
"857",857,1,1,"female",45,"36928",164.8667,"B96 B98","C"
"858",858,1,1,"male",51,"113055",26.55,"E17","E"
"859",859,1,3,"female",24,"2666",19.2583,"B96 B98","C"
"860",860,0,3,"male",29.6991176470588,"2629",7.2292,"B96 B98","C"
"861",861,0,3,"male",41,"350026",14.1083,"B96 B98","C"
"862",862,0,2,"male",21,"28134",11.5,"B96 B98","C"
"863",863,1,1,"female",48,"17466",25.9292,"D17","D"
"864",864,0,3,"female",29.6991176470588,"CA. 2343",69.55,"B96 B98","C"
"865",865,0,2,"male",24,"233866",13,"B96 B98","C"
"866",866,1,2,"female",42,"236852",13,"B96 B98","C"
"867",867,1,2,"female",27,"SC/PARIS 2149",13.8583,"B96 B98","C"
"868",868,0,1,"male",31,"PC 17590",50.4958,"A24","A"
"869",869,0,3,"male",29.6991176470588,"345777",9.5,"B96 B98","C"
"870",870,1,3,"male",4,"347742",11.1333,"B96 B98","C"
"871",871,0,3,"male",26,"349248",7.8958,"B96 B98","C"
"872",872,1,1,"female",47,"11751",52.5542,"D35","D"
"873",873,0,1,"male",33,"695",5,"B51 B53 B55","B"
"874",874,0,3,"male",47,"345765",9,"B96 B98","C"
"875",875,1,2,"female",28,"P/PP 3381",24,"B96 B98","C"
"876",876,1,3,"female",15,"2667",7.225,"B96 B98","C"
"877",877,0,3,"male",20,"7534",9.8458,"B96 B98","C"
"878",878,0,3,"male",19,"349212",7.8958,"B96 B98","C"
"879",879,0,3,"male",29.6991176470588,"349217",7.8958,"B96 B98","C"
"880",880,1,1,"female",56,"11767",83.1583,"C50","C"
"881",881,1,2,"female",25,"230433",26,"B96 B98","C"
"882",882,0,3,"male",33,"349257",7.8958,"B96 B98","C"
"883",883,0,3,"female",22,"7552",10.5167,"B96 B98","C"
"884",884,0,2,"male",28,"C.A./SOTON 34068",10.5,"B96 B98","C"
"885",885,0,3,"male",25,"SOTON/OQ 392076",7.05,"B96 B98","C"
"886",886,0,3,"female",39,"382652",29.125,"B96 B98","C"
"887",887,0,2,"male",27,"211536",13,"B96 B98","C"
"888",888,1,1,"female",19,"112053",30,"B42","B"
"889",889,0,3,"female",29.6991176470588,"W./C. 6607",23.45,"B96 B98","C"
"890",890,1,1,"male",26,"111369",30,"C148","C"
"891",891,0,3,"male",32,"370376",7.75,"B96 B98","C"
